0.0000,223,420
0.0417,222,427
0.0834,222,424
0.1251,223,421
0.1668,222,425
0.2085,222,433
0.2503,222,430
0.2920,221,430
0.3337,223,431
0.3754,221,437
0.4171,221,435
0.4588,223,435
0.5005,222,437
0.5422,220,436
0.5839,220,437
0.6256,221,437
0.6673,221,437
0.7090,219,436
0.7507,220,435
0.7925,220,437
0.8342,220,436
0.8759,216,437
0.9176,217,437
0.9593,218,436
1.0010,216,437
1.0427,212,438
1.0844,214,437
1.1261,215,437
1.1678,212,438
1.2095,209,438
1.2513,210,438
1.2930,211,438
1.3347,210,438
1.3764,207,439
1.4181,208,438
1.4598,209,438
1.5015,207,439
1.5432,208,439
1.5849,205,439
1.6266,210,439
1.6683,209,439
1.7100,205,439
1.7518,206,439
1.7935,207,439
1.8352,206,439
1.8769,203,440
1.9186,200,441
1.9603,204,440
2.0020,203,440
2.0437,200,442
2.0854,197,442
2.1271,198,442
2.1688,197,442
2.2105,198,443
2.2522,199,443
2.2940,196,443
2.3357,199,443
2.3774,196,444
2.4191,197,444
2.4608,198,443
2.5025,196,444
2.5442,194,445
2.5859,195,445
2.6276,195,444
2.6693,194,445
2.7110,193,445
2.7528,193,445
2.7945,194,445
2.8362,193,445
2.8779,192,446
2.9196,192,446
2.9613,192,446
3.0030,192,446
3.0447,190,446
3.0864,191,446
3.1281,191,446
3.1698,190,446
3.2115,189,447
3.2533,189,447
3.2950,190,446
3.3367,189,447
3.3784,186,447
3.4201,187,447
3.4618,188,447
3.5035,187,447
3.5452,185,447
3.5869,185,447
3.6286,186,447
3.6703,185,447
3.7120,183,448
3.7537,184,447
3.7955,185,447
3.8372,183,448
3.8789,181,448
3.9206,182,448
3.9623,182,448
4.0040,181,448
4.0457,178,448
4.0874,179,447
4.1291,180,447
4.1708,178,447
4.2125,177,448
4.2543,178,448
4.2960,178,448
4.3377,177,448
4.3794,175,449
4.4211,176,448
4.4628,177,448
4.5045,175,448
4.5462,173,449
4.5879,174,449
4.6296,175,449
4.6713,174,449
4.7130,173,450
4.7548,173,450
4.7965,173,449
4.8382,173,450
4.8799,173,452
4.9216,173,451
4.9633,173,450
5.0050,173,451
5.0467,172,451
5.0884,173,452
5.1301,173,452
5.1718,172,452
5.2135,172,451
5.2552,172,451
5.2970,172,451
5.3387,172,451
5.3804,172,452
5.4221,172,452
5.4638,172,452
5.5055,172,452
5.5472,170,453
5.5889,171,453
5.6306,171,453
5.6723,170,453
5.7140,169,454
5.7558,170,454
5.7975,170,453
5.8392,170,454
5.8809,168,455
5.9226,168,455
5.9643,169,454
6.0060,168,455
6.0477,166,457
6.0894,166,456
6.1311,167,456
6.1728,166,457
6.2145,163,459
6.2563,164,458
6.2980,165,457
6.3397,163,459
6.3814,159,460
6.4231,160,460
6.4648,160,459
6.5065,160,460
6.5482,157,461
6.5899,158,461
6.6316,159,460
6.6733,158,461
6.7150,155,463
6.7567,156,462
6.7985,157,461
6.8402,156,462
6.8819,151,464
6.9236,153,463
6.9653,154,463
7.0070,152,464
7.0487,149,465
7.0904,150,465
7.1321,151,465
7.1738,149,465
7.2155,145,468
7.2572,146,467
7.2990,148,466
7.3407,146,467
7.3824,142,468
7.4241,144,468
7.4658,143,468
7.5075,141,469
7.5492,137,471
7.5909,139,470
7.6326,140,470
7.6743,138,471
7.7160,134,473
7.7578,135,473
7.7995,136,472
7.8412,134,473
7.8829,131,475
7.9246,133,474
7.9663,133,473
8.0080,132,474
8.0497,127,478
8.0914,130,476
8.1331,131,475
8.1748,128,477
8.2165,123,480
8.2582,125,479
8.3000,126,478
8.3417,124,480
8.3834,120,483
8.4251,121,482
8.4668,122,481
8.5085,120,483
8.5502,117,486
8.5919,118,484
8.6336,119,484
8.6753,118,485
8.7170,115,490
8.7588,116,488
8.8005,116,487
8.8422,115,489
8.8839,114,490
8.9256,114,490
8.9673,114,489
9.0090,114,490
9.0507,115,491
9.0924,116,490
9.1341,113,491
9.1758,115,491
9.2175,112,493
9.2593,114,492
9.3010,114,492
9.3427,113,492
9.3844,110,494
9.4261,112,493
9.4678,112,493
9.5095,111,494
9.5512,107,495
9.5929,108,495
9.6346,109,495
9.6763,108,495
9.7180,105,497
9.7597,106,496
9.8015,107,496
9.8432,105,496
9.8849,102,498
9.9266,104,497
9.9683,104,497
10.0100,103,497
10.0517,99,499
10.0934,100,499
10.1351,101,498
10.1768,99,499
10.2185,98,500
10.2603,99,499
10.3020,99,499
10.3437,99,500
10.3854,97,500
10.4271,98,500
10.4688,98,500
10.5105,97,500
10.5522,94,501
10.5939,95,501
10.6356,96,500
10.6773,94,501
10.7190,92,501
10.7608,93,500
10.8025,93,501
10.8442,93,500
10.8859,91,500
10.9276,92,500
10.9693,92,500
11.0110,91,500
11.0527,89,500
11.0944,90,500
11.1361,91,500
11.1778,89,500
11.2195,86,501
11.2612,87,500
11.3030,88,500
11.3447,87,500
11.3864,84,501
11.4281,85,501
11.4698,86,500
11.5115,85,501
11.5532,83,502
11.5949,83,501
11.6366,84,501
11.6783,83,501
11.7200,81,503
11.7618,82,502
11.8035,82,502
11.8452,81,502
11.8869,80,502
11.9286,81,502
11.9703,81,503
12.0120,80,502
12.0537,79,503
12.0954,79,504
12.1371,80,502
12.1788,79,503
12.2205,80,504
12.2623,80,504
12.3040,79,504
12.3457,80,504
12.3874,80,505
12.4291,80,505
12.4708,80,505
12.5125,80,505
12.5542,80,505
12.5959,80,505
12.6376,80,505
12.6793,80,505
12.7210,79,506
12.7627,80,506
12.8045,80,506
12.8462,80,506
12.8879,79,507
12.9296,79,507
12.9713,79,506
13.0130,79,507
13.0547,79,507
13.0964,79,507
13.1381,79,507
13.1798,79,507
13.2215,79,508
13.2633,79,507
13.3050,79,507
13.3467,80,507
13.3884,80,508
13.4301,79,508
13.4718,79,507
13.5135,80,508
13.5552,79,510
13.5969,79,509
13.6386,79,509
13.6803,79,510
13.7220,79,510
13.7637,79,510
13.8055,79,512
13.8472,80,510
13.8889,79,510
13.9306,80,510
13.9723,80,511
14.0140,79,512
14.0557,79,512
14.0974,80,512
14.1391,80,511
14.1808,80,511
14.2225,80,511
14.2642,80,511
14.3060,80,511
14.3477,80,511
14.3894,80,511
14.4311,80,511
14.4728,80,512
14.5145,80,511
14.5562,80,511
14.5979,80,511
14.6396,80,513
14.6813,80,512
14.7230,80,512
14.7648,80,512
14.8065,80,514
14.8482,80,513
14.8899,80,513
14.9316,80,513
14.9733,79,515
15.0150,79,515
15.0567,79,514
15.0984,79,515
15.1401,79,516
15.1818,79,516
15.2235,79,515
15.2652,79,516
15.3070,79,516
15.3487,79,516
15.3904,79,516
15.4321,79,516
15.4738,79,517
15.5155,79,516
15.5572,79,516
15.5989,79,516
15.6406,78,519
15.6823,78,518
15.7240,78,517
15.7657,78,518
15.8075,77,520
15.8492,78,519
15.8909,78,519
15.9326,77,520
15.9743,77,522
16.0160,77,521
16.0577,77,520
16.0994,77,521
16.1411,77,522
16.1828,77,522
16.2245,77,522
16.2663,77,522
16.3080,76,523
16.3497,77,522
16.3914,76,522
16.4331,77,522
16.4748,76,524
16.5165,76,523
16.5582,76,523
16.5999,76,524
16.6416,78,519
16.6833,76,524
16.7250,76,524
16.7668,78,519
16.8085,73,525
16.8502,75,525
16.8919,77,519
16.9336,73,525
16.9753,74,527
17.0170,75,527
17.0587,73,525
17.1004,73,526
17.1421,72,528
17.1838,73,527
17.2255,74,528
17.2672,72,528
17.3090,72,529
17.3507,72,529
17.3924,72,528
17.4341,72,529
17.4758,72,530
17.5175,72,529
17.5592,72,529
17.6009,72,530
17.6426,70,532
17.6843,71,531
17.7260,71,531
17.7678,71,531
17.8095,69,534
17.8512,70,533
17.8929,70,532
17.9346,69,534
17.9763,68,537
18.0180,69,535
18.0597,69,535
18.1014,68,536
18.1431,66,538
18.1848,67,538
18.2265,68,537
18.2683,66,538
18.3100,65,540
18.3517,65,539
18.3934,65,539
18.4351,65,540
18.4768,64,542
18.5185,64,541
18.5602,64,541
18.6019,64,541
18.6436,65,543
18.6853,65,542
18.7270,64,542
18.7687,65,543
18.8105,65,544
18.8522,65,544
18.8939,65,544
18.9356,65,544
18.9773,65,544
19.0190,65,544
19.0607,65,544
19.1024,65,544
19.1441,65,544
19.1858,65,544
19.2275,65,544
19.2693,65,544
19.3110,63,544
19.3527,64,544
19.3944,65,544
19.4361,62,545
19.4778,62,545
19.5195,62,545
19.5612,62,544
19.6029,62,545
19.6446,62,545
19.6863,64,544
19.7280,62,545
19.7698,62,545
19.8115,64,544
19.8532,64,544
19.8949,62,544
19.9366,64,544
19.9783,62,544
20.0200,62,544
20.0617,62,544
20.1034,62,544
20.1451,62,544
20.1868,62,544
20.2285,64,544
20.2702,62,544
20.3120,62,544
20.3537,62,544
20.3954,64,544
20.4371,64,544
20.4788,64,544
20.5205,64,544
20.5622,63,545
20.6039,64,545
20.6456,64,544
20.6873,64,545
20.7290,63,546
20.7708,63,546
20.8125,63,545
20.8542,63,546
20.8959,60,548
20.9376,60,547
20.9793,60,547
21.0210,60,548
21.0627,59,550
21.1044,60,549
21.1461,60,548
21.1878,59,549
21.2295,61,550
21.2713,59,551
21.3130,59,550
21.3547,59,551
21.3964,58,553
21.4381,58,552
21.4798,60,551
21.5215,58,552
21.5632,59,554
21.6049,57,553
21.6466,58,553
21.6883,59,553
21.7300,58,556
21.7717,59,555
21.8135,59,554
21.8552,59,555
21.8969,55,559
21.9386,55,558
21.9803,58,556
22.0220,55,559
22.0637,56,561
22.1054,54,561
22.1471,54,560
22.1888,54,561
22.2305,53,564
22.2723,53,563
22.3140,56,561
22.3557,53,564
22.3974,54,564
22.4391,53,565
22.4808,53,564
22.5225,52,565
22.5642,54,565
22.6059,54,565
22.6476,52,566
22.6893,54,565
22.7310,51,568
22.7728,53,566
22.8145,51,567
22.8562,51,568
22.8979,52,568
22.9396,53,567
22.9813,51,568
23.0230,52,568
23.0647,52,569
23.1064,50,570
23.1481,50,570
23.1898,49,570
23.2315,50,571
23.2732,49,571
23.3150,49,571
23.3567,51,571
23.3984,50,571
23.4401,48,573
23.4818,48,572
23.5235,48,573
23.5652,50,572
23.6069,50,572
23.6486,50,572
23.6903,50,572
23.7320,47,573
23.7738,50,572
23.8155,50,572
23.8572,50,571
23.8989,47,573
23.9406,47,573
23.9823,47,573
24.0240,47,573
24.0657,47,574
24.1074,47,573
24.1491,47,573
24.1908,47,573
24.2325,47,574
24.2743,47,574
24.3160,47,574
24.3577,47,574
24.3994,49,574
24.4411,49,573
24.4828,47,575
24.5245,49,573
24.5662,49,574
24.6079,49,574
24.6496,49,574
24.6913,49,574
24.7330,49,576
24.7747,49,575
24.8165,49,575
24.8582,49,576
24.8999,48,577
24.9416,48,576
24.9833,49,576
25.0250,48,577
25.0667,46,579
25.1084,48,577
25.1501,48,577
25.1918,48,577
25.2335,48,578
25.2753,46,579
25.3170,46,579
25.3587,46,579
25.4004,48,578
25.4421,48,578
25.4838,48,578
25.5255,48,578
25.5672,46,580
25.6089,46,580
25.6506,46,580
25.6923,46,580
25.7340,45,581
25.7758,46,581
25.8175,45,581
25.8592,45,581
25.9009,45,581
25.9426,45,581
25.9843,45,581
26.0260,45,581
26.0677,45,582
26.1094,45,582
26.1511,45,582
26.1928,45,582
26.2345,45,582
26.2762,45,582
26.3180,45,583
26.3597,45,583
26.4014,45,583
26.4431,45,583
26.4848,45,583
26.5265,45,583
26.5682,45,583
26.6099,45,583
26.6516,45,584
26.6933,45,584
26.7350,45,584
26.7768,45,584
26.8185,45,585
26.8602,45,585
26.9019,45,585
26.9436,45,585
26.9853,45,586
27.0270,45,586
27.0687,45,586
27.1104,45,586
27.1521,45,586
27.1938,45,586
27.2355,45,586
27.2773,45,586
27.3190,44,586
27.3607,45,586
27.4024,45,586
27.4441,44,586
27.4858,45,587
27.5275,45,587
27.5692,44,587
27.6109,45,587
27.6526,45,587
27.6943,45,587
27.7360,44,587
27.7777,45,587
27.8195,45,588
27.8612,44,588
27.9029,45,587
27.9446,44,588
27.9863,45,588
28.0280,45,588
28.0697,44,588
28.1114,45,588
28.1531,45,588
28.1948,45,588
28.2365,45,588
28.2782,45,588
28.3200,45,588
28.3617,45,588
28.4034,45,588
28.4451,45,588
28.4868,45,589
28.5285,45,589
28.5702,45,589
28.6119,45,589
28.6536,45,589
28.6953,45,589
28.7370,45,589
28.7788,45,589
28.8205,45,589
28.8622,45,589
28.9039,45,589
28.9456,45,589
28.9873,45,589
29.0290,45,589
29.0707,45,589
29.1124,45,589
29.1541,45,589
29.1958,45,589
29.2375,48,587
29.2792,45,590
29.3210,45,590
29.3627,45,590
29.4044,45,590
29.4461,45,590
29.4878,45,590
29.5295,45,590
29.5712,45,590
29.6129,45,590
29.6546,45,590
29.6963,45,590
29.7380,45,590
29.7797,45,590
29.8215,45,590
29.8632,45,590
29.9049,45,590
29.9466,45,590
29.9883,48,588
30.0300,48,588
30.0717,45,590
30.1134,48,588
30.1551,46,590
30.1968,45,590
30.2385,45,590
30.2803,45,590
30.3220,48,588
30.3637,46,590
30.4054,45,590
30.4471,48,588
30.4888,46,590
30.5305,46,590
30.5722,48,588
30.6139,46,590
30.6556,45,590
30.6973,46,590
30.7390,46,590
30.7807,48,588
30.8225,45,590
30.8642,45,590
30.9059,45,590
30.9476,45,590
30.9893,45,589
31.0310,45,589
31.0727,45,589
31.1144,45,589
31.1561,45,589
31.1978,45,589
31.2395,45,589
31.2812,45,589
31.3230,45,589
31.3647,45,589
31.4064,45,589
31.4481,45,589
31.4898,45,589
31.5315,45,589
31.5732,45,589
31.6149,44,589
31.6566,44,589
31.6983,44,589
31.7400,44,589
31.7818,44,589
31.8235,44,589
31.8652,44,589
31.9069,44,589
31.9486,44,589
31.9903,44,588
32.0320,44,589
32.0737,44,589
32.1154,44,588
32.1571,43,587
32.1988,44,588
32.2405,44,588
32.2823,44,587
32.3240,43,586
32.3657,43,586
32.4074,43,587
32.4491,43,586
32.4908,43,586
32.5325,43,586
32.5742,43,585
32.6159,43,585
32.6576,43,585
32.6993,43,585
32.7410,43,583
32.7828,43,584
32.8245,43,585
32.8662,43,584
32.9079,43,582
32.9496,43,583
32.9913,43,583
33.0330,43,583
33.0747,44,582
33.1164,43,582
33.1581,43,582
33.1998,43,582
33.2415,44,583
33.2832,44,583
33.3250,44,582
33.3667,44,583
33.4084,44,583
33.4501,44,583
33.4918,44,583
33.5335,44,583
33.5752,45,584
33.6169,44,584
33.6586,44,584
33.7003,45,584
33.7420,45,584
33.7838,45,584
33.8255,45,584
33.8672,45,584
33.9089,45,584
33.9506,45,584
33.9923,45,584
34.0340,45,584
34.0757,45,584
34.1174,45,584
34.1591,45,584
34.2008,45,584
34.2425,45,584
34.2843,45,584
34.3260,45,584
34.3677,45,584
34.4094,45,584
34.4511,45,584
34.4928,45,584
34.5345,45,584
34.5762,45,584
34.6179,45,584
34.6596,45,584
34.7013,45,584
34.7430,45,584
34.7847,45,584
34.8265,45,584
34.8682,45,584
34.9099,45,585
34.9516,45,585
34.9933,45,584
35.0350,45,585
35.0767,45,585
35.1184,45,585
35.1601,45,585
35.2018,45,585
35.2435,45,585
35.2853,45,585
35.3270,45,585
35.3687,45,585
35.4104,45,585
35.4521,45,585
35.4938,45,585
35.5355,45,585
35.5772,45,585
35.6189,45,585
35.6606,45,585
35.7023,45,585
35.7440,45,585
35.7858,45,585
35.8275,45,585
35.8692,45,585
35.9109,45,585
35.9526,45,585
35.9943,45,585
36.0360,45,585
36.0777,45,585
36.1194,45,585
36.1611,45,585
36.2028,45,585
36.2445,44,585
36.2862,44,585
36.3280,45,585
36.3697,44,585
36.4114,44,585
36.4531,44,585
36.4948,44,585
36.5365,44,585
36.5782,44,585
36.6199,44,585
36.6616,44,585
36.7033,44,585
36.7450,44,585
36.7868,44,585
36.8285,44,585
36.8702,44,585
36.9119,44,585
36.9536,44,585
36.9953,44,585
37.0370,44,585
37.0787,44,585
37.1204,44,585
37.1621,44,585
37.2038,44,585
37.2455,44,585
37.2873,44,585
37.3290,44,585
37.3707,44,585
37.4124,44,584
37.4541,44,584
37.4958,44,584
37.5375,44,584
37.5792,43,584
37.6209,43,584
37.6626,44,584
37.7043,43,584
37.7460,43,583
37.7877,43,583
37.8295,43,583
37.8712,43,583
37.9129,43,583
37.9546,43,583
37.9963,43,583
38.0380,43,583
38.0797,43,583
38.1214,43,583
38.1631,43,583
38.2048,43,583
38.2465,43,582
38.2883,43,582
38.3300,43,583
38.3717,43,582
38.4134,43,582
38.4551,43,582
38.4968,43,582
38.5385,43,582
38.5802,43,581
38.6219,43,582
38.6636,43,582
38.7053,43,581
38.7470,43,581
38.7888,43,582
38.8305,43,581
38.8722,43,582
38.9139,42,582
38.9556,43,581
38.9973,43,582
39.0390,42,582
39.0807,42,581
39.1224,42,581
39.1641,42,581
39.2058,42,581
39.2475,42,581
39.2892,42,581
39.3310,42,581
39.3727,42,581
39.4144,42,581
39.4561,42,581
39.4978,42,581
39.5395,42,581
39.5812,42,580
39.6229,42,581
39.6646,42,581
39.7063,42,580
39.7480,42,580
39.7898,42,580
39.8315,42,580
39.8732,42,580
39.9149,42,580
39.9566,42,580
39.9983,42,580
40.0400,42,580
40.0817,42,581
40.1234,42,581
40.1651,42,581
40.2068,42,581
40.2485,42,580
40.2903,42,580
40.3320,42,581
40.3737,42,580
40.4154,42,580
40.4571,42,580
40.4988,42,580
40.5405,42,580
40.5822,42,580
40.6239,42,580
40.6656,42,580
40.7073,42,580
40.7490,42,580
40.7907,42,580
40.8325,42,580
40.8742,42,580
40.9159,42,580
40.9576,42,580
40.9993,42,580
41.0410,42,580
41.0827,42,580
41.1244,42,580
41.1661,42,580
41.2078,42,580
41.2495,42,580
41.2913,42,580
41.3330,42,580
41.3747,42,580
41.4164,42,581
41.4581,42,581
41.4998,42,581
41.5415,42,581
41.5832,42,581
41.6249,42,581
41.6666,42,581
41.7083,42,581
41.7500,42,581
41.7918,42,581
41.8335,42,581
41.8752,42,581
41.9169,42,581
41.9586,42,581
42.0003,42,581
42.0420,42,581
42.0837,42,581
42.1254,42,581
42.1671,42,581
42.2088,42,581
42.2505,42,580
42.2922,42,581
42.3340,42,581
42.3757,42,581
42.4174,42,581
42.4591,42,581
42.5008,42,581
42.5425,42,581
42.5842,42,581
42.6259,42,581
42.6676,42,581
42.7093,42,581
42.7510,42,581
42.7928,42,581
42.8345,42,581
42.8762,42,581
42.9179,42,581
42.9596,42,581
43.0013,42,581
43.0430,42,581
43.0847,42,581
43.1264,42,581
43.1681,42,581
43.2098,42,581
43.2515,42,581
43.2933,42,581
43.3350,42,581
43.3767,42,581
43.4184,42,581
43.4601,42,581
43.5018,42,581
43.5435,42,581
43.5852,42,581
43.6269,42,581
43.6686,42,581
43.7103,42,581
43.7520,42,581
43.7937,42,581
43.8355,42,581
43.8772,42,581
43.9189,42,581
43.9606,42,581
44.0023,42,581
44.0440,42,581
44.0857,42,580
44.1274,42,581
44.1691,42,581
44.2108,42,581
44.2525,42,581
44.2943,42,581
44.3360,42,581
44.3777,42,581
44.4194,42,580
44.4611,42,581
44.5028,42,581
44.5445,42,581
44.5862,42,580
44.6279,42,581
44.6696,42,581
44.7113,42,580
44.7530,42,580
44.7947,42,580
44.8365,42,580
44.8782,42,580
44.9199,42,580
44.9616,42,581
45.0033,42,581
45.0450,42,581
45.0867,42,581
45.1284,42,581
45.1701,42,581
45.2118,42,581
45.2535,42,581
45.2952,42,580
45.3370,42,581
45.3787,42,580
45.4204,42,580
45.4621,42,580
45.5038,42,581
45.5455,42,580
45.5872,42,580
45.6289,42,581
45.6706,42,580
45.7123,42,580
45.7540,42,580
45.7958,42,580
45.8375,42,580
45.8792,42,580
45.9209,42,580
45.9626,42,580
46.0043,42,580
46.0460,42,580
46.0877,42,580
46.1294,42,580
46.1711,42,581
46.2128,42,580
46.2545,42,581
46.2962,42,580
46.3380,42,580
46.3797,42,581
46.4214,45,578
46.4631,42,581
46.5048,42,581
46.5465,45,579
46.5882,45,579
46.6299,45,578
46.6716,45,578
46.7133,45,578
46.7550,45,578
46.7967,45,579
46.8385,45,579
46.8802,45,579
46.9219,45,578
46.9636,45,578
47.0053,45,578
47.0470,45,578
47.0887,46,578
47.1304,46,578
47.1721,46,578
47.2138,46,578
47.2555,46,578
47.2973,46,578
47.3390,46,578
47.3807,46,578
47.4224,46,577
47.4641,46,578
47.5058,46,578
47.5475,46,578
47.5892,46,577
47.6309,46,577
47.6726,46,578
47.7143,46,577
47.7560,46,577
47.7977,46,577
47.8395,46,577
47.8812,46,577
47.9229,46,577
47.9646,46,577
48.0063,46,577
48.0480,46,577
48.0897,46,577
48.1314,46,577
48.1731,46,577
48.2148,46,577
48.2565,46,577
48.2982,46,577
48.3400,46,577
48.3817,46,577
48.4234,46,578
48.4651,46,578
48.5068,46,578
48.5485,46,578
48.5902,46,581
48.6319,46,581
48.6736,46,578
48.7153,46,581
48.7570,46,581
48.7988,46,581
48.8405,46,581
48.8822,46,581
48.9239,46,581
48.9656,46,581
49.0073,46,581
49.0490,46,581
49.0907,46,580
49.1324,46,581
49.1741,46,581
49.2158,46,580
49.2575,46,579
49.2992,46,580
49.3410,46,580
49.3827,46,580
49.4244,46,576
49.4661,46,577
49.5078,46,579
49.5495,46,576
49.5912,46,570
49.6329,46,574
49.6746,46,575
49.7163,46,572
49.7580,46,568
49.7997,46,568
49.8415,46,569
49.8832,46,568
49.9249,46,564
49.9666,46,565
50.0083,46,566
50.0500,46,565
50.0917,46,564
50.1334,46,564
50.1751,46,564
50.2168,46,564
50.2585,46,564
50.3003,46,564
50.3420,46,564
50.3837,46,564
50.4254,46,564
50.4671,46,564
50.5088,46,564
50.5505,46,564
50.5922,46,565
50.6339,46,565
50.6756,46,565
50.7173,46,565
50.7590,46,567
50.8007,46,565
50.8425,46,565
50.8842,46,566
50.9259,46,568
50.9676,46,568
51.0093,46,568
51.0510,46,568
51.0927,45,573
51.1344,45,570
51.1761,45,569
51.2178,45,572
51.2595,45,574
51.3012,45,573
51.3430,45,573
51.3847,45,574
51.4264,45,574
51.4681,45,574
51.5098,45,574
51.5515,45,574
51.5932,45,574
51.6349,45,574
51.6766,45,574
51.7183,45,574
51.7600,45,577
51.8018,45,575
51.8435,45,575
51.8852,45,575
51.9269,45,583
51.9686,46,583
52.0103,46,582
52.0520,45,583
52.0937,45,583
52.1354,45,583
52.1771,45,583
52.2188,45,583
52.2605,46,583
52.3022,45,583
52.3440,46,583
52.3857,46,583
52.4274,45,583
52.4691,45,583
52.5108,45,583
52.5525,45,583
52.5942,45,584
52.6359,45,584
52.6776,45,583
52.7193,45,584
52.7610,46,588
52.8027,46,588
52.8445,46,587
52.8862,46,588
52.9279,46,588
52.9696,46,589
53.0113,46,588
53.0530,46,588
53.0947,45,588
53.1364,46,588
53.1781,46,588
53.2198,46,588
53.2615,45,587
53.3033,45,587
53.3450,45,588
53.3867,45,587
53.4284,45,587
53.4701,45,587
53.5118,45,587
53.5535,45,587
53.5952,45,587
53.6369,45,587
53.6786,45,587
53.7203,45,587
53.7620,45,587
53.8037,45,587
53.8455,45,587
53.8872,45,587
53.9289,45,587
53.9706,45,587
54.0123,45,587
54.0540,45,587
54.0957,45,586
54.1374,45,586
54.1791,45,587
54.2208,45,587
54.2625,45,587
54.3042,45,587
54.3460,45,587
54.3877,45,587
54.4294,45,587
54.4711,45,587
54.5128,45,587
54.5545,45,587
54.5962,45,587
54.6379,45,587
54.6796,45,587
54.7213,45,587
54.7630,45,587
54.8048,45,587
54.8465,45,587
54.8882,45,587
54.9299,45,587
54.9716,42,589
55.0133,42,589
55.0550,42,589
55.0967,45,587
55.1384,45,587
55.1801,45,587
55.2218,45,587
55.2635,42,589
55.3052,45,588
55.3470,45,588
55.3887,42,589
55.4304,42,589
55.4721,42,589
55.5138,42,589
55.5555,42,589
55.5972,42,589
55.6389,42,589
55.6806,42,589
55.7223,42,589
55.7640,42,589
55.8057,42,589
55.8475,42,589
55.8892,42,589
55.9309,42,589
55.9726,44,588
56.0143,42,589
56.0560,42,589
56.0977,42,589
56.1394,42,589
56.1811,42,589
56.2228,42,589
56.2645,42,589
56.3063,42,589
56.3480,42,589
56.3897,42,589
56.4314,42,589
56.4731,42,589
56.5148,42,589
56.5565,42,589
56.5982,42,589
56.6399,42,589
56.6816,42,589
56.7233,42,589
56.7650,42,589
56.8067,42,589
56.8485,42,589
56.8902,42,589
56.9319,42,589
56.9736,42,589
57.0153,42,589
57.0570,42,589
57.0987,42,589
57.1404,42,589
57.1821,42,589
57.2238,42,589
57.2655,42,589
57.3072,42,589
57.3490,42,589
57.3907,42,589
57.4324,42,589
57.4741,42,589
57.5158,42,589
57.5575,42,589
57.5992,42,589
57.6409,42,589
57.6826,42,589
57.7243,42,589
57.7660,42,589
57.8078,42,589
57.8495,42,589
57.8912,42,589
57.9329,42,589
57.9746,42,589
58.0163,42,589
58.0580,42,589
58.0997,42,589
58.1414,42,589
58.1831,42,589
58.2248,42,589
58.2665,42,589
58.3082,42,589
58.3500,42,589
58.3917,42,589
58.4334,42,589
58.4751,42,589
58.5168,42,589
58.5585,42,589
58.6002,42,589
58.6419,42,589
58.6836,42,589
58.7253,42,589
58.7670,42,589
58.8087,42,589
58.8505,42,589
58.8922,42,589
58.9339,42,589
58.9756,42,589
59.0173,42,589
59.0590,42,589
59.1007,42,589
59.1424,42,589
59.1841,42,589
59.2258,42,589
59.2675,42,589
59.3093,42,589
59.3510,42,589
59.3927,42,589
59.4344,42,589
59.4761,42,589
59.5178,42,589
59.5595,42,589
59.6012,44,587
59.6429,42,589
59.6846,42,589
59.7263,42,589
59.7680,44,588
59.8097,42,589
59.8515,42,589
59.8932,42,589
59.9349,42,589
59.9766,42,589
60.0183,42,589
60.0600,42,589
60.1017,42,589
60.1434,42,589
60.1851,42,589
60.2268,42,589
60.2685,42,589
60.3102,42,589
60.3520,42,589
60.3937,42,589
60.4354,42,590
60.4771,42,589
60.5188,42,589
60.5605,42,589
60.6022,43,595
60.6439,42,592
60.6856,42,591
60.7273,43,594
60.7690,248,10
60.8108,255,9
60.8525,258,9
60.8942,251,10
60.9359,234,11
60.9776,241,10
61.0193,245,10
61.0610,237,11
61.1027,223,13
61.1444,228,12
61.1861,230,11
61.2278,226,12
61.2695,216,14
61.3112,219,13
61.3530,221,13
61.3947,217,13
61.4364,215,14
61.4781,215,14
61.5198,214,14
61.5615,214,14
61.6032,218,13
61.6449,217,14
61.6866,216,14
61.7283,217,13
61.7700,219,13
61.8117,219,13
61.8535,218,13
61.8952,219,13
61.9369,217,13
61.9786,219,13
62.0203,219,13
62.0620,217,13
62.1037,217,13
62.1454,216,13
62.1871,217,13
62.2288,216,13
62.2705,215,14
62.3123,216,13
62.3540,217,13
62.3957,216,13
62.4374,214,14
62.4791,214,14
62.5208,215,14
62.5625,214,14
62.6042,207,14
62.6459,212,14
62.6876,213,14
62.7293,208,14
62.7710,209,14
62.8127,208,14
62.8545,209,15
62.8962,211,15
62.9379,214,14
62.9796,211,14
63.0213,213,14
63.0630,214,14
63.1047,219,13
63.1464,216,13
63.1881,217,14
63.2298,218,13
63.2715,223,12
63.3133,221,13
63.3550,220,13
63.3967,222,13
63.4384,226,12
63.4801,224,12
63.5218,224,12
63.5635,226,12
63.6052,229,12
63.6469,227,12
63.6886,227,12
63.7303,228,12
63.7720,233,11
63.8138,231,11
63.8555,231,11
63.8972,232,11
63.9389,235,11
63.9806,234,11
64.0223,235,11
64.0640,236,11
64.1057,240,10
64.1474,239,11
64.1891,238,11
64.2308,240,10
64.2725,243,10
64.3143,241,10
64.3560,240,10
64.3977,242,10
64.4394,246,10
64.4811,245,10
64.5228,245,10
64.5645,246,10
64.6062,249,10
64.6479,249,10
64.6896,248,10
64.7313,248,10
64.7730,253,9
64.8147,251,9
64.8565,250,10
64.8982,252,9
64.9399,255,9
64.9816,254,9
65.0233,254,9
65.0650,255,9
65.1067,258,9
65.1484,257,9
65.1901,256,9
65.2318,258,9
65.2735,260,9
65.3152,259,9
65.3570,259,9
65.3987,259,9
65.4404,43,595
65.4821,261,9
65.5238,261,9
65.5655,262,9
65.6072,43,595
65.6489,262,9
65.6906,43,595
65.7323,43,595
65.7740,43,594
65.8158,43,594
65.8575,43,594
65.8992,43,594
65.9409,43,594
65.9826,43,594
66.0243,43,594
66.0660,43,594
66.1077,43,593
66.1494,43,594
66.1911,43,594
66.2328,43,593
66.2745,42,593
66.3163,43,593
66.3580,43,593
66.3997,42,593
66.4414,42,593
66.4831,42,593
66.5248,42,593
66.5665,42,593
66.6082,42,592
66.6499,42,593
66.6916,42,593
66.7333,42,593
66.7750,42,592
66.8168,42,592
66.8585,42,592
66.9002,42,592
66.9419,42,592
66.9836,42,592
67.0253,42,592
67.0670,42,592
67.1087,42,592
67.1504,42,592
67.1921,42,592
67.2338,42,592
67.2755,42,591
67.3173,42,592
67.3590,42,592
67.4007,42,592
67.4424,42,591
67.4841,42,591
67.5258,42,591
67.5675,42,591
67.6092,42,591
67.6509,42,591
67.6926,42,591
67.7343,42,591
67.7760,42,590
67.8177,42,591
67.8595,42,591
67.9012,42,590
67.9429,42,590
67.9846,42,590
68.0263,42,590
68.0680,42,590
68.1097,42,590
68.1514,42,590
68.1931,42,590
68.2348,42,590
68.2765,42,590
68.3182,42,590
68.3600,42,590
68.4017,42,590
68.4434,42,590
68.4851,42,590
68.5268,42,590
68.5685,42,590
68.6102,42,590
68.6519,42,590
68.6936,42,590
68.7353,42,590
68.7770,42,590
68.8188,42,590
68.8605,42,590
68.9022,42,590
68.9439,42,590
68.9856,42,590
69.0273,42,590
69.0690,42,590
69.1107,42,590
69.1524,42,590
69.1941,42,590
69.2358,42,590
69.2775,42,590
69.3193,42,590
69.3610,42,590
69.4027,42,590
69.4444,42,590
69.4861,42,590
69.5278,42,590
69.5695,42,590
69.6112,42,590
69.6529,42,590
69.6946,42,590
69.7363,42,590
69.7780,42,589
69.8198,42,589
69.8615,42,590
69.9032,42,589
69.9449,42,589
69.9866,42,589
70.0283,42,589
70.0700,42,589
70.1117,42,589
70.1534,42,589
70.1951,42,589
70.2368,42,589
70.2785,42,589
70.3203,42,589
70.3620,42,589
70.4037,42,589
70.4454,42,589
70.4871,42,589
70.5288,42,589
70.5705,42,589
70.6122,42,589
70.6539,42,589
70.6956,42,589
70.7373,42,589
70.7790,42,589
70.8207,42,589
70.8625,42,589
70.9042,42,589
70.9459,42,588
70.9876,42,589
71.0293,42,589
71.0710,42,589
71.1127,42,588
71.1544,42,588
71.1961,42,588
71.2378,42,588
71.2795,42,587
71.3212,42,588
71.3630,42,588
71.4047,42,587
71.4464,42,586
71.4881,42,587
71.5298,42,587
71.5715,42,586
71.6132,42,585
71.6549,42,586
71.6966,42,586
71.7383,42,585
71.7800,42,584
71.8218,42,584
71.8635,42,585
71.9052,42,585
71.9469,42,583
71.9886,42,584
72.0303,42,584
72.0720,42,583
72.1137,42,581
72.1554,42,582
72.1971,42,582
72.2388,42,582
72.2805,42,580
72.3223,42,581
72.3640,42,581
72.4057,42,580
72.4474,43,578
72.4891,43,579
72.5308,42,580
72.5725,43,579
72.6142,43,576
72.6559,43,577
72.6976,43,572
72.7393,43,576
72.7810,44,572
72.8228,44,574
72.8645,44,570
72.9062,44,573
72.9479,301,8
72.9896,301,8
73.0313,44,566
73.0730,302,8
73.1147,300,8
73.1564,301,8
73.1981,301,8
73.2398,301,8
73.2815,301,8
73.3233,301,8
73.3650,300,8
73.4067,301,8
73.4484,45,564
73.4901,45,565
73.5318,45,565
73.5735,301,8
73.6152,301,8
73.6569,301,8
73.6986,45,564
73.7403,301,8
73.7820,300,8
73.8237,301,8
73.8655,301,8
73.9072,301,8
73.9489,301,8
73.9906,301,8
74.0323,301,8
74.0740,301,8
74.1157,301,8
74.1574,301,8
74.1991,301,8
74.2408,301,8
74.2825,46,564
74.3242,46,564
74.3660,301,8
74.4077,46,564
74.4494,302,8
74.4911,45,565
74.5328,45,565
74.5745,301,8
74.6162,45,565
74.6579,301,8
74.6996,302,8
74.7413,301,8
74.7830,45,565
74.8248,302,8
74.8665,302,8
74.9082,45,565
74.9499,302,8
74.9916,302,8
75.0333,302,8
75.0750,302,8
75.1167,45,566
75.1584,301,8
75.2001,302,8
75.2418,45,566
75.2835,301,8
75.3253,302,8
75.3670,302,8
75.4087,302,8
75.4504,286,8
75.4921,301,8
75.5338,301,8
75.5755,302,8
75.6172,303,8
75.6589,302,8
75.7006,302,8
75.7423,302,8
75.7840,302,8
75.8258,302,8
75.8675,302,8
75.9092,302,8
75.9509,301,8
75.9926,302,8
76.0343,302,8
76.0760,301,8
76.1177,301,8
76.1594,302,8
76.2011,302,8
76.2428,301,8
76.2845,301,8
76.3262,302,8
76.3680,301,7
76.4097,301,8
76.4514,303,7
76.4931,302,7
76.5348,301,7
76.5765,302,8
76.6182,302,8
76.6599,301,8
76.7016,46,562
76.7433,301,8
76.7850,302,7
76.8267,301,8
76.8685,301,8
76.9102,301,8
76.9519,302,7
76.9936,301,8
77.0353,302,7
77.0770,302,7
77.1187,302,7
77.1604,302,7
77.2021,302,8
77.2438,302,8
77.2855,302,7
77.3272,302,8
77.3690,302,8
77.4107,302,8
77.4524,302,8
77.4941,302,8
77.5358,302,8
77.5775,302,8
77.6192,302,8
77.6609,302,8
77.7026,302,8
77.7443,303,7
77.7860,303,7
77.8278,302,8
77.8695,302,7
77.9112,303,7
77.9529,303,7
77.9946,303,7
78.0363,302,8
78.0780,302,8
78.1197,302,7
78.1614,302,8
78.2031,301,7
78.2448,302,8
78.2865,302,8
78.3283,302,8
78.3700,46,562
78.4117,301,7
78.4534,302,7
78.4951,301,8
78.5368,300,8
78.5785,300,8
78.6202,301,7
78.6619,301,8
78.7036,302,8
78.7453,301,8
78.7870,301,7
78.8288,302,8
78.8705,300,8
78.9122,302,8
78.9539,302,8
78.9956,302,8
79.0373,301,8
79.0790,301,8
79.1207,301,8
79.1624,302,8
79.2041,301,8
79.2458,301,8
79.2875,301,8
79.3292,301,8
79.3710,301,8
79.4127,301,8
79.4544,301,8
79.4961,301,8
79.5378,300,8
79.5795,299,8
79.6212,301,8
79.6629,300,8
79.7046,301,8
79.7463,301,8
79.7880,300,8
79.8297,301,8
79.8715,301,8
79.9132,301,8
79.9549,301,8
79.9966,301,8
80.0383,45,566
80.0800,300,8
80.1217,301,8
80.1634,301,8
80.2051,45,567
80.2468,45,567
80.2885,45,566
80.3302,45,567
80.3720,302,8
80.4137,302,8
80.4554,45,567
80.4971,302,8
80.5388,301,8
80.5805,302,8
80.6222,302,8
80.6639,302,8
80.7056,301,8
80.7473,302,8
80.7890,301,8
80.8308,302,8
80.8725,301,8
80.9142,301,8
80.9559,301,8
80.9976,302,8
81.0393,302,8
81.0810,302,8
81.1227,302,8
81.1644,302,8
81.2061,45,564
81.2478,302,8
81.2895,302,8
81.3313,302,8
81.3730,45,565
81.4147,45,564
81.4564,45,564
81.4981,45,565
81.5398,45,565
81.5815,45,565
81.6232,45,565
81.6649,45,565
81.7066,45,567
81.7483,45,566
81.7900,45,566
81.8318,45,567
81.8735,44,569
81.9152,44,568
81.9569,45,567
81.9986,44,568
82.0403,44,569
82.0820,44,569
82.1237,44,569
82.1654,44,569
82.2071,44,574
82.2488,45,569
82.2905,44,569
82.3322,302,8
82.3740,44,574
82.4157,301,8
82.4574,301,8
82.4991,301,8
82.5408,44,575
82.5825,44,574
82.6242,43,576
82.6659,43,575
82.7076,43,575
82.7493,43,576
82.7910,42,577
82.8327,43,577
82.8745,43,576
82.9162,42,577
82.9579,42,579
82.9996,42,578
83.0413,42,578
83.0830,42,578
83.1247,41,580
83.1664,42,579
83.2081,42,579
83.2498,41,580
83.2915,41,580
83.3332,41,580
83.3750,41,580
83.4167,41,580
83.4584,41,581
83.5001,41,581
83.5418,41,580
83.5835,41,581
83.6252,41,581
83.6669,41,581
83.7086,41,581
83.7503,41,581
83.7920,41,582
83.8338,41,582
83.8755,41,581
83.9172,41,582
83.9589,41,582
84.0006,41,582
84.0423,41,582
84.0840,41,582
84.1257,41,581
84.1674,41,582
84.2091,41,582
84.2508,41,581
84.2925,41,581
84.3343,41,581
84.3760,41,582
84.4177,41,581
84.4594,301,8
84.5011,40,581
84.5428,40,581
84.5845,302,8
84.6262,301,8
84.6679,301,8
84.7096,301,8
84.7513,301,8
84.7930,301,8
84.8348,301,8
84.8765,301,8
84.9182,301,8
84.9599,303,8
85.0016,302,8
85.0433,302,8
85.0850,302,8
85.1267,302,8
85.1684,302,8
85.2101,303,8
85.2518,303,8
85.2935,301,8
85.3352,301,8
85.3770,302,7
85.4187,302,8
85.4604,301,8
85.5021,301,8
85.5438,301,8
85.5855,301,8
85.6272,302,8
85.6689,302,8
85.7106,302,8
85.7523,302,8
85.7940,301,8
85.8357,301,8
85.8775,302,8
85.9192,301,8
85.9609,301,8
86.0026,302,8
86.0443,302,8
86.0860,301,8
86.1277,301,8
86.1694,300,8
86.2111,300,8
86.2528,301,8
86.2945,300,8
86.3362,301,8
86.3780,301,8
86.4197,301,8
86.4614,300,8
86.5031,301,8
86.5448,300,8
86.5865,301,8
86.6282,43,577
86.6699,43,578
86.7116,301,8
86.7533,43,577
86.7950,43,577
86.8368,43,577
86.8785,43,577
86.9202,43,577
86.9619,300,8
87.0036,43,577
87.0453,43,577
87.0870,43,577
87.1287,287,8
87.1704,43,577
87.2121,43,576
87.2538,43,577
87.2955,43,577
87.3373,43,577
87.3790,43,577
87.4207,43,578
87.4624,300,8
87.5041,43,578
87.5458,43,578
87.5875,43,578
87.6292,43,579
87.6709,43,578
87.7126,300,8
87.7543,43,579
87.7960,43,579
87.8378,43,579
87.8795,43,579
87.9212,43,579
87.9629,285,8
88.0046,43,579
88.0463,43,579
88.0880,43,579
88.1297,43,579
88.1714,43,579
88.2131,43,579
88.2548,43,579
88.2965,43,580
88.3382,43,580
88.3800,301,8
88.4217,43,580
88.4634,301,8
88.5051,42,580
88.5468,43,580
88.5885,300,8
88.6302,286,8
88.6719,287,8
88.7136,300,8
88.7553,286,8
88.7970,301,8
88.8387,301,8
88.8805,302,8
88.9222,301,8
88.9639,301,8
89.0056,301,8
89.0473,301,8
89.0890,302,8
89.1307,302,8
89.1724,302,8
89.2141,301,8
89.2558,301,8
89.2975,302,8
89.3392,302,8
89.3810,302,8
89.4227,301,8
89.4644,301,8
89.5061,302,8
89.5478,42,582
89.5895,302,8
89.6312,302,8
89.6729,42,581
89.7146,286,8
89.7563,42,584
89.7980,42,583
89.8398,42,584
89.8815,42,582
89.9232,42,583
89.9649,42,583
90.0066,42,583
90.0483,42,581
90.0900,42,582
90.1317,42,582
90.1734,42,581
90.2151,42,583
90.2568,43,582
90.2985,42,582
90.3403,42,582
90.3820,42,584
90.4237,42,583
90.4654,42,583
90.5071,42,584
90.5488,42,584
90.5905,42,584
90.6322,42,584
90.6739,42,584
90.7156,42,585
90.7573,42,584
90.7990,42,584
90.8408,42,585
90.8825,42,586
90.9242,42,585
90.9659,42,585
91.0076,42,586
91.0493,42,586
91.0910,42,586
91.1327,42,586
91.1744,42,586
91.2161,42,586
91.2578,42,586
91.2995,42,586
91.3412,42,586
91.3830,42,586
91.4247,42,586
91.4664,42,586
91.5081,42,586
91.5498,42,586
91.5915,42,586
91.6332,42,586
91.6749,42,586
91.7166,42,585
91.7583,42,586
91.8000,42,586
91.8417,42,585
91.8835,42,585
91.9252,42,585
91.9669,42,586
92.0086,42,585
92.0503,42,586
92.0920,42,586
92.1337,42,586
92.1754,42,586
92.2171,42,586
92.2588,42,586
92.3005,42,586
92.3422,42,586
92.3840,42,586
92.4257,42,586
92.4674,42,586
92.5091,42,586
92.5508,42,586
92.5925,42,586
92.6342,42,586
92.6759,42,586
92.7176,42,586
92.7593,42,586
92.8010,42,586
92.8428,42,586
92.8845,42,586
92.9262,42,586
92.9679,42,586
93.0096,42,586
93.0513,42,586
93.0930,42,586
93.1347,42,586
93.1764,42,586
93.2181,287,8
93.2598,42,586
93.3015,42,586
93.3433,286,8
93.3850,42,586
93.4267,42,586
93.4684,42,586
93.5101,42,586
93.5518,42,586
93.5935,42,586
93.6352,287,8
93.6769,42,586
93.7186,42,586
93.7603,42,586
93.8020,42,586
93.8438,42,586
93.8855,42,586
93.9272,42,586
93.9689,42,586
94.0106,42,586
94.0523,42,586
94.0940,42,586
94.1357,42,586
94.1774,42,586
94.2191,42,586
94.2608,42,586
94.3025,42,586
94.3442,42,586
94.3860,42,586
94.4277,42,586
94.4694,42,586
94.5111,42,586
94.5528,42,586
94.5945,42,586
94.6362,42,586
94.6779,42,586
94.7196,42,587
94.7613,42,586
94.8030,42,586
94.8447,42,587
94.8865,42,587
94.9282,42,587
94.9699,42,587
95.0116,42,587
95.0533,42,588
95.0950,42,588
95.1367,42,588
95.1784,42,588
95.2201,42,588
95.2618,42,588
95.3035,42,589
95.3453,42,589
95.3870,41,589
95.4287,42,589
95.4704,42,589
95.5121,42,589
95.5538,42,589
95.5955,42,589
95.6372,42,589
95.6789,42,589
95.7206,42,589
95.7623,42,589
95.8040,41,590
95.8458,41,590
95.8875,42,589
95.9292,41,590
95.9709,41,590
96.0126,41,590
96.0543,41,590
96.0960,41,590
96.1377,41,590
96.1794,41,590
96.2211,41,590
96.2628,41,590
96.3045,41,591
96.3463,41,591
96.3880,41,591
96.4297,41,591
96.4714,41,591
96.5131,41,591
96.5548,41,591
96.5965,41,591
96.6382,41,592
96.6799,41,592
96.7216,41,591
96.7633,41,592
96.8050,41,592
96.8468,41,592
96.8885,41,592
96.9302,41,592
96.9719,41,594
97.0136,41,593
97.0553,41,593
97.0970,41,593
97.1387,263,9
97.1804,42,596
97.2221,42,595
97.2638,42,597
97.3055,249,9
97.3472,257,9
97.3890,259,9
97.4307,252,9
97.4724,235,11
97.5141,241,10
97.5558,244,10
97.5975,238,10
97.6392,223,12
97.6809,228,11
97.7226,232,11
97.7643,226,12
97.8060,216,13
97.8477,219,13
97.8895,221,12
97.9312,217,13
97.9729,212,14
98.0146,214,14
98.0563,215,13
98.0980,213,14
98.1397,212,14
98.1814,213,14
98.2231,212,14
98.2648,212,14
98.3065,212,14
98.3483,212,14
98.3900,212,14
98.4317,212,14
98.4734,211,14
98.5151,212,14
98.5568,211,14
98.5985,211,14
98.6402,210,14
98.6819,211,14
98.7236,211,14
98.7653,211,14
98.8070,210,14
98.8488,210,14
98.8905,210,14
98.9322,210,14
98.9739,210,14
99.0156,210,14
99.0573,210,14
99.0990,210,14
99.1407,210,14
99.1824,210,14
99.2241,210,14
99.2658,210,14
99.3075,210,14
99.3493,210,14
99.3910,209,14
99.4327,210,14
99.4744,210,14
99.5161,210,14
99.5578,210,14
99.5995,210,14
99.6412,210,14
99.6829,210,14
99.7246,210,14
99.7663,210,14
99.8080,209,14
99.8497,209,14
99.8915,210,14
99.9332,209,14
99.9749,209,14
100.0166,210,14
100.0583,210,14
100.1000,209,14
100.1417,209,14
100.1834,210,14
100.2251,210,14
100.2668,210,14
100.3085,210,14
100.3502,209,14
100.3920,210,14
100.4337,210,14
100.4754,210,14
100.5171,210,14
100.5588,210,14
100.6005,210,14
100.6422,210,14
100.6839,210,14
100.7256,210,14
100.7673,210,14
100.8090,211,13
100.8507,210,14
100.8925,210,14
100.9342,211,13
100.9759,214,13
101.0176,212,13
101.0593,212,13
101.1010,213,13
101.1427,217,12
101.1844,215,13
101.2261,214,13
101.2678,216,13
101.3095,221,12
101.3513,219,12
101.3930,218,12
101.4347,220,12
101.4764,225,11
101.5181,223,12
101.5598,222,12
101.6015,224,12
101.6432,228,11
101.6849,227,11
101.7266,226,11
101.7683,227,11
101.8100,232,11
101.8518,231,11
101.8935,230,11
101.9352,231,11
101.9769,235,10
102.0186,233,11
102.0603,234,10
102.1020,236,10
102.1437,240,10
102.1854,237,10
102.2271,237,10
102.2688,238,10
102.3105,243,10
102.3523,240,10
102.3940,239,10
102.4357,241,10
102.4774,246,9
102.5191,244,9
102.5608,244,9
102.6025,246,9
102.6442,250,9
102.6859,247,9
102.7276,247,9
102.7693,249,9
102.8110,252,9
102.8527,250,9
102.8945,251,9
102.9362,251,9
102.9779,255,9
103.0196,254,9
103.0613,254,9
103.1030,255,9
103.1447,42,601
103.1864,256,9
103.2281,256,9
103.2698,255,9
103.3115,42,600
103.3532,42,600
103.3950,257,9
103.4367,42,600
103.4784,42,599
103.5201,42,600
103.5618,42,600
103.6035,42,600
103.6452,42,599
103.6869,41,600
103.7286,42,600
103.7703,42,599
103.8120,41,599
103.8537,41,599
103.8955,41,599
103.9372,41,599
103.9789,41,599
104.0206,41,599
104.0623,41,599
104.1040,41,599
104.1457,41,599
104.1874,41,599
104.2291,41,599
104.2708,41,599
104.3125,41,598
104.3543,41,599
104.3960,41,599
104.4377,41,598
104.4794,41,598
104.5211,41,598
104.5628,41,598
104.6045,41,598
104.6462,41,598
104.6879,41,598
104.7296,41,598
104.7713,41,598
104.8130,41,598
104.8548,41,598
104.8965,41,598
104.9382,41,598
104.9799,41,598
105.0216,41,597
105.0633,41,598
105.1050,41,598
105.1467,41,597
105.1884,41,597
105.2301,41,598
105.2718,41,597
105.3135,41,597
105.3553,41,597
105.3970,41,597
105.4387,41,597
105.4804,40,597
105.5221,41,597
105.5638,40,597
105.6055,40,597
105.6472,40,597
105.6889,40,597
105.7306,40,597
105.7723,40,597
105.8140,41,597
105.8557,40,597
105.8975,40,597
105.9392,40,597
105.9809,40,597
106.0226,40,597
106.0643,40,597
106.1060,40,597
106.1477,40,596
106.1894,40,597
106.2311,40,597
106.2728,40,597
106.3145,40,596
106.3562,40,596
106.3980,40,596
106.4397,40,596
106.4814,40,596
106.5231,40,596
106.5648,40,596
106.6065,40,596
106.6482,40,596
106.6899,40,596
106.7316,40,596
106.7733,40,596
106.8150,40,596
106.8567,40,596
106.8985,40,596
106.9402,40,596
106.9819,40,596
107.0236,40,596
107.0653,40,596
107.1070,40,596
107.1487,40,596
107.1904,40,596
107.2321,40,596
107.2738,40,596
107.3155,40,596
107.3573,40,596
107.3990,40,596
107.4407,40,596
107.4824,40,596
107.5241,40,596
107.5658,40,596
107.6075,40,596
107.6492,40,596
107.6909,40,596
107.7326,40,596
107.7743,40,596
107.8160,40,596
107.8578,40,596
107.8995,40,596
107.9412,40,596
107.9829,40,596
108.0246,40,596
108.0663,40,596
108.1080,40,596
108.1497,40,596
108.1914,40,596
108.2331,40,596
108.2748,40,596
108.3165,40,596
108.3583,40,596
108.4000,40,596
108.4417,40,596
108.4834,40,595
108.5251,40,596
108.5668,40,596
108.6085,40,596
108.6502,40,596
108.6919,40,596
108.7336,40,596
108.7753,40,596
108.8170,40,596
108.8587,40,596
108.9005,40,596
108.9422,40,596
108.9839,40,596
109.0256,40,596
109.0673,40,596
109.1090,40,596
109.1507,40,596
109.1924,40,596
109.2341,40,596
109.2758,40,596
109.3175,40,596
109.3592,40,596
109.4010,40,596
109.4427,40,596
109.4844,40,596
109.5261,40,596
109.5678,40,596
109.6095,40,596
109.6512,40,596
109.6929,40,596
109.7346,40,596
109.7763,40,596
109.8180,40,596
109.8597,40,596
109.9015,40,596
109.9432,40,596
109.9849,40,596
110.0266,40,596
110.0683,40,596
110.1100,40,596
110.1517,40,595
110.1934,40,596
110.2351,40,596
110.2768,40,596
110.3185,40,595
110.3603,40,595
110.4020,40,595
110.4437,40,595
110.4854,40,596
110.5271,40,595
110.5688,40,595
110.6105,40,596
110.6522,40,595
110.6939,40,595
110.7356,40,596
110.7773,40,595
110.8190,40,596
110.8608,40,596
110.9025,40,596
110.9442,40,596
110.9859,40,596
111.0276,40,596
111.0693,40,596
111.1110,40,596
111.1527,40,595
111.1944,40,596
111.2361,40,596
111.2778,40,596
111.3195,40,595
111.3613,40,596
111.4030,40,596
111.4447,40,596
111.4864,40,595
111.5281,40,596
111.5698,40,596
111.6115,40,596
111.6532,40,596
111.6949,40,596
111.7366,40,595
111.7783,40,596
111.8200,40,596
111.8617,40,596
111.9035,40,596
111.9452,40,596
111.9869,40,596
112.0286,40,596
112.0703,40,596
112.1120,40,596
112.1537,40,596
112.1954,40,596
112.2371,40,596
112.2788,40,596
112.3205,40,596
112.3622,40,596
112.4040,40,596
112.4457,40,596
112.4874,40,596
112.5291,40,596
112.5708,40,596
112.6125,40,596
112.6542,40,596
112.6959,40,596
112.7376,40,596
112.7793,40,596
112.8210,40,596
112.8627,40,596
112.9045,40,596
112.9462,40,596
112.9879,40,595
113.0296,40,595
113.0713,40,596
113.1130,40,595
113.1547,40,595
113.1964,40,596
113.2381,40,596
113.2798,40,596
113.3215,40,596
113.3633,40,596
113.4050,40,596
113.4467,40,596
113.4884,40,595
113.5301,40,595
113.5718,40,595
113.6135,40,595
113.6552,40,595
113.6969,40,595
113.7386,40,595
113.7803,40,595
113.8220,40,595
113.8638,40,595
113.9055,40,595
113.9472,40,595
113.9889,40,596
114.0306,40,595
114.0723,40,595
114.1140,40,595
114.1557,40,595
114.1974,40,596
114.2391,40,595
114.2808,40,595
114.3225,40,595
114.3643,40,595
114.4060,40,595
114.4477,40,596
114.4894,40,596
114.5311,40,596
114.5728,40,595
114.6145,40,595
114.6562,40,595
114.6979,40,595
114.7396,40,595
114.7813,40,595
114.8230,40,595
114.8647,40,596
114.9065,40,595
114.9482,40,595
114.9899,40,595
115.0316,40,595
115.0733,40,595
115.1150,40,595
115.1567,40,595
115.1984,40,595
115.2401,40,595
115.2818,40,595
115.3235,40,595
115.3652,40,595
115.4070,40,595
115.4487,40,595
115.4904,40,595
115.5321,40,595
115.5738,40,595
115.6155,40,595
115.6572,40,595
115.6989,40,595
115.7406,40,595
115.7823,40,595
115.8240,40,595
115.8657,40,595
115.9075,40,595
115.9492,40,595
115.9909,40,595
116.0326,40,595
116.0743,40,595
116.1160,40,595
116.1577,40,595
116.1994,40,595
116.2411,40,595
116.2828,40,595
116.3245,40,595
116.3663,40,595
116.4080,40,595
116.4497,40,595
116.4914,40,595
116.5331,40,595
116.5748,40,595
116.6165,40,595
116.6582,40,595
116.6999,40,595
116.7416,40,595
116.7833,40,595
116.8250,40,596
116.8668,40,595
116.9085,40,595
116.9502,40,595
116.9919,40,595
117.0336,40,595
117.0753,40,595
117.1170,40,595
117.1587,40,595
117.2004,40,595
117.2421,40,596
117.2838,40,595
117.3255,40,595
117.3673,40,595
117.4090,40,595
117.4507,40,595
117.4924,40,595
117.5341,40,595
117.5758,40,595
117.6175,40,595
117.6592,40,595
117.7009,40,595
117.7426,40,595
117.7843,40,595
117.8260,40,596
117.8677,40,596
117.9095,40,596
117.9512,40,596
117.9929,40,596
118.0346,40,596
118.0763,40,595
118.1180,40,595
118.1597,40,595
118.2014,40,595
118.2431,40,596
118.2848,40,595
118.3265,40,595
118.3682,40,596
118.4100,40,595
118.4517,40,596
118.4934,40,596
118.5351,40,596
118.5768,40,595
118.6185,40,596
118.6602,40,596
118.7019,40,595
118.7436,40,595
118.7853,40,596
118.8270,40,596
118.8687,40,596
118.9105,40,595
118.9522,40,595
118.9939,40,596
119.0356,40,595
119.0773,40,595
119.1190,40,595
119.1607,40,595
119.2024,40,596
119.2441,40,595
119.2858,40,595
119.3275,40,596
119.3693,40,595
119.4110,40,596
119.4527,40,595
119.4944,40,595
119.5361,40,596
119.5778,40,595
119.6195,40,595
119.6612,40,595
119.7029,40,595
119.7446,40,595
119.7863,40,595
119.8280,40,595
119.8698,40,595
119.9115,40,595
119.9532,40,595
119.9949,40,595
120.0366,40,595
120.0783,40,595
120.1200,40,595
120.1617,40,595
120.2034,40,595
120.2451,40,595
120.2868,40,595
120.3285,40,595
120.3702,40,595
120.4120,40,595
120.4537,40,595
120.4954,40,595
120.5371,40,595
120.5788,40,595
120.6205,40,595
120.6622,40,595
120.7039,40,595
120.7456,40,595
120.7873,40,595
120.8290,40,595
120.8707,40,595
120.9125,40,595
120.9542,40,595
120.9959,40,595
121.0376,40,595
121.0793,40,595
121.1210,40,595
121.1627,40,595
121.2044,40,595
121.2461,40,595
121.2878,40,595
121.3295,40,595
121.3712,40,595
121.4130,40,595
121.4547,40,595
121.4964,40,595
121.5381,40,595
121.5798,40,595
121.6215,40,595
121.6632,40,595
121.7049,40,595
121.7466,40,595
121.7883,40,595
121.8300,40,595
121.8717,40,595
121.9135,40,595
121.9552,40,595
121.9969,40,595
122.0386,40,595
122.0803,40,595
122.1220,40,595
122.1637,40,595
122.2054,40,595
122.2471,40,595
122.2888,40,595
122.3305,40,595
122.3723,40,595
122.4140,40,595
122.4557,40,595
122.4974,40,595
122.5391,40,595
122.5808,40,595
122.6225,40,595
122.6642,40,595
122.7059,40,595
122.7476,40,595
122.7893,40,595
122.8310,40,595
122.8728,40,595
122.9145,40,595
122.9562,40,595
122.9979,40,595
123.0396,40,595
123.0813,40,595
123.1230,40,595
123.1647,40,595
123.2064,40,595
123.2481,40,595
123.2898,40,595
123.3315,40,595
123.3732,40,595
123.4150,40,595
123.4567,40,595
123.4984,40,595
123.5401,40,595
123.5818,40,595
123.6235,40,595
123.6652,40,595
123.7069,40,595
123.7486,40,595
123.7903,40,595
123.8320,40,595
123.8737,40,595
123.9155,40,595
123.9572,40,595
123.9989,40,595
124.0406,40,595
124.0823,40,595
124.1240,40,595
124.1657,40,595
124.2074,40,595
124.2491,40,595
124.2908,40,595
124.3325,40,595
124.3742,40,595
124.4160,40,595
124.4577,40,595
124.4994,40,595
124.5411,40,595
124.5828,40,595
124.6245,40,595
124.6662,40,595
124.7079,40,595
124.7496,40,595
124.7913,40,595
124.8330,40,595
124.8747,40,595
124.9165,40,595
124.9582,40,595
124.9999,40,595
125.0416,40,595
125.0833,40,595
125.1250,40,595
125.1667,40,595
125.2084,40,595
125.2501,40,595
125.2918,40,595
125.3335,40,595
125.3753,40,595
125.4170,40,595
125.4587,40,595
125.5004,40,595
125.5421,40,595
125.5838,40,595
125.6255,40,595
125.6672,40,595
125.7089,40,595
125.7506,40,595
125.7923,40,595
125.8340,40,595
125.8758,40,595
125.9175,40,595
125.9592,40,595
126.0009,40,595
126.0426,40,595
126.0843,40,595
126.1260,40,595
126.1677,40,595
126.2094,40,595
126.2511,40,595
126.2928,40,595
126.3345,40,595
126.3762,40,595
126.4180,40,595
126.4597,40,595
126.5014,40,596
126.5431,40,595
126.5848,40,595
126.6265,40,595
126.6682,40,596
126.7099,40,596
126.7516,40,596
126.7933,40,596
126.8350,40,596
126.8767,40,596
126.9185,40,596
126.9602,40,596
127.0019,40,596
127.0436,40,596
127.0853,40,596
127.1270,40,596
127.1687,40,596
127.2104,40,596
127.2521,40,596
127.2938,40,596
127.3355,40,596
127.3772,40,596
127.4190,40,596
127.4607,40,595
127.5024,40,596
127.5441,40,595
127.5858,40,595
127.6275,40,596
127.6692,40,596
127.7109,40,596
127.7526,40,595
127.7943,40,596
127.8360,40,596
127.8777,40,596
127.9195,40,595
127.9612,40,595
128.0029,40,595
128.0446,40,595
128.0863,40,596
128.1280,40,595
128.1697,40,596
128.2114,40,596
128.2531,40,595
128.2948,40,596
128.3365,40,596
128.3782,40,595
128.4200,40,595
128.4617,40,595
128.5034,40,595
128.5451,40,595
128.5868,40,595
128.6285,40,595
128.6702,40,595
128.7119,40,596
128.7536,40,596
128.7953,40,596
128.8370,40,596
128.8788,40,596
128.9205,40,596
128.9622,40,596
129.0039,40,596
129.0456,40,596
129.0873,40,596
129.1290,40,596
129.1707,40,596
129.2124,40,596
129.2541,40,595
129.2958,40,595
129.3375,40,596
129.3792,40,595
129.4210,40,595
129.4627,40,596
129.5044,40,595
129.5461,40,596
129.5878,40,595
129.6295,40,596
129.6712,40,596
129.7129,40,596
129.7546,40,596
129.7963,40,596
129.8380,40,596
129.8798,40,596
129.9215,40,595
129.9632,40,596
130.0049,40,596
130.0466,40,596
130.0883,40,595
130.1300,40,596
130.1717,40,596
130.2134,40,596
130.2551,40,595
130.2968,40,596
130.3385,40,595
130.3803,40,595
130.4220,40,596
130.4637,40,595
130.5054,40,596
130.5471,40,596
130.5888,40,596
130.6305,40,596
130.6722,40,596
130.7139,40,596
130.7556,40,595
130.7973,40,596
130.8390,40,596
130.8807,40,596
130.9225,40,596
130.9642,40,596
131.0059,40,596
131.0476,40,596
131.0893,40,596
131.1310,40,596
131.1727,40,596
131.2144,40,596
131.2561,40,595
131.2978,40,596
131.3395,40,596
131.3813,40,596
131.4230,40,595
131.4647,40,596
131.5064,40,595
131.5481,40,596
131.5898,40,595
131.6315,40,595
131.6732,40,596
131.7149,40,595
131.7566,40,595
131.7983,40,596
131.8400,40,595
131.8817,40,595
131.9235,40,595
131.9652,40,595
132.0069,40,595
132.0486,40,596
132.0903,40,595
132.1320,40,595
132.1737,40,596
132.2154,40,595
132.2571,40,595
132.2988,40,595
132.3405,40,596
132.3823,40,595
132.4240,40,595
132.4657,40,595
132.5074,40,596
132.5491,40,596
132.5908,40,595
132.6325,40,595
132.6742,40,596
132.7159,40,596
132.7576,40,596
132.7993,40,596
132.8410,40,595
132.8828,40,595
132.9245,40,596
132.9662,40,596
133.0079,40,595
133.0496,40,596
133.0913,40,595
133.1330,40,596
133.1747,40,595
133.2164,40,596
133.2581,40,596
133.2998,40,595
133.3415,40,595
133.3833,40,595
133.4250,40,596
133.4667,40,596
133.5084,40,595
133.5501,40,595
133.5918,40,595
133.6335,40,595
133.6752,40,595
133.7169,40,595
133.7586,40,595
133.8003,40,595
133.8420,40,595
133.8838,40,595
133.9255,40,595
133.9672,40,595
134.0089,40,595
134.0506,40,595
134.0923,40,595
134.1340,40,595
134.1757,40,595
134.2174,40,595
134.2591,40,595
134.3008,40,595
134.3425,40,595
134.3842,40,595
134.4260,40,595
134.4677,40,595
134.5094,40,595
134.5511,40,595
134.5928,40,595
134.6345,40,595
134.6762,40,595
134.7179,40,595
134.7596,40,595
134.8013,40,596
134.8430,40,595
134.8848,40,595
134.9265,40,595
134.9682,40,595
135.0099,40,595
135.0516,40,595
135.0933,40,595
135.1350,40,595
135.1767,40,595
135.2184,40,595
135.2601,40,596
135.3018,40,595
135.3435,40,596
135.3852,40,596
135.4270,40,596
135.4687,40,596
135.5104,40,595
135.5521,40,596
135.5938,40,596
135.6355,40,596
135.6772,40,595
135.7189,40,596
135.7606,40,596
135.8023,40,596
135.8440,40,595
135.8858,40,595
135.9275,40,595
135.9692,40,595
136.0109,40,595
136.0526,40,595
136.0943,40,595
136.1360,40,595
136.1777,40,595
136.2194,40,595
136.2611,40,595
136.3028,40,595
136.3445,40,595
136.3863,40,595
136.4280,40,595
136.4697,40,595
136.5114,40,595
136.5531,40,595
136.5948,40,595
136.6365,40,595
136.6782,40,595
136.7199,40,596
136.7616,40,595
136.8033,40,596
136.8450,40,595
136.8867,40,595
136.9285,40,595
136.9702,40,595
137.0119,40,595
137.0536,40,595
137.0953,40,595
137.1370,40,595
137.1787,40,595
137.2204,40,595
137.2621,40,595
137.3038,40,595
137.3455,40,595
137.3873,40,595
137.4290,40,595
137.4707,40,595
137.5124,40,595
137.5541,40,595
137.5958,40,595
137.6375,40,595
137.6792,40,595
137.7209,40,595
137.7626,40,595
137.8043,40,595
137.8460,40,595
137.8877,40,595
137.9295,40,595
137.9712,40,595
138.0129,40,595
138.0546,40,595
138.0963,40,595
138.1380,40,595
138.1797,40,595
138.2214,40,595
138.2631,40,595
138.3048,40,595
138.3465,40,595
138.3883,40,595
138.4300,40,595
138.4717,40,595
138.5134,40,595
138.5551,40,595
138.5968,40,595
138.6385,40,595
138.6802,40,595
138.7219,40,595
138.7636,40,595
138.8053,40,595
138.8470,40,595
138.8888,40,595
138.9305,40,595
138.9722,40,595
139.0139,40,595
139.0556,40,596
139.0973,40,595
139.1390,40,595
139.1807,40,595
139.2224,40,595
139.2641,40,595
139.3058,40,595
139.3475,40,595
139.3893,40,595
139.4310,40,595
139.4727,40,595
139.5144,40,595
139.5561,40,595
139.5978,40,595
139.6395,40,595
139.6812,40,595
139.7229,40,595
139.7646,40,595
139.8063,40,595
139.8480,40,595
139.8898,40,595
139.9315,40,595
139.9732,40,595
140.0149,40,595
140.0566,40,595
140.0983,40,595
140.1400,40,595
140.1817,40,595
140.2234,40,595
140.2651,40,595
140.3068,40,595
140.3485,40,595
140.3902,40,595
140.4320,40,595
140.4737,40,595
140.5154,40,595
140.5571,40,595
140.5988,40,595
140.6405,40,595
140.6822,40,595
140.7239,40,595
140.7656,40,596
140.8073,40,596
140.8490,40,595
140.8908,40,596
140.9325,40,595
140.9742,40,595
141.0159,40,595
141.0576,40,595
141.0993,40,595
141.1410,40,595
141.1827,40,595
141.2244,40,595
141.2661,40,595
141.3078,40,595
141.3495,40,595
141.3912,40,595
141.4330,40,595
141.4747,40,595
141.5164,40,595
141.5581,40,595
141.5998,40,595
141.6415,40,595
141.6832,40,595
141.7249,40,595
141.7666,40,595
141.8083,40,595
141.8500,40,595
141.8918,40,595
141.9335,40,595
141.9752,40,595
142.0169,40,595
142.0586,40,595
142.1003,40,595
142.1420,40,595
142.1837,40,595
142.2254,40,595
142.2671,40,595
142.3088,40,595
142.3505,40,595
142.3923,40,595
142.4340,40,595
142.4757,40,595
142.5174,40,595
142.5591,40,595
142.6008,40,595
142.6425,40,595
142.6842,40,595
142.7259,40,595
142.7676,40,595
142.8093,40,595
142.8510,40,595
142.8927,40,595
142.9345,40,595
142.9762,40,595
143.0179,40,595
143.0596,40,595
143.1013,40,595
143.1430,40,595
143.1847,40,595
143.2264,40,595
143.2681,40,595
143.3098,40,595
143.3515,40,595
143.3933,40,595
143.4350,40,595
143.4767,40,595
143.5184,40,595
143.5601,40,595
143.6018,40,595
143.6435,40,595
143.6852,40,595
143.7269,40,595
143.7686,40,595
143.8103,40,595
143.8520,40,595
143.8937,40,595
143.9355,40,595
143.9772,40,595
144.0189,40,595
144.0606,40,595
144.1023,40,595
144.1440,40,595
144.1857,40,595
144.2274,40,595
144.2691,40,595
144.3108,40,595
144.3525,40,595
144.3943,40,595
144.4360,40,595
144.4777,40,595
144.5194,40,595
144.5611,40,595
144.6028,40,595
144.6445,40,595
144.6862,40,595
144.7279,40,595
144.7696,40,595
144.8113,40,595
144.8530,40,595
144.8948,40,595
144.9365,40,595
144.9782,40,595
145.0199,40,595
145.0616,40,595
145.1033,40,595
145.1450,40,595
145.1867,40,595
145.2284,40,595
145.2701,40,596
145.3118,40,595
145.3535,40,595
145.3952,40,595
145.4370,40,595
145.4787,40,595
145.5204,40,595
145.5621,40,595
145.6038,40,595
145.6455,40,595
145.6872,40,595
145.7289,40,595
145.7706,40,595
145.8123,40,595
145.8540,40,595
145.8958,40,595
145.9375,40,595
145.9792,40,595
146.0209,40,595
146.0626,40,595
146.1043,40,595
146.1460,40,595
146.1877,40,595
146.2294,40,595
146.2711,40,595
146.3128,40,595
146.3545,40,595
146.3962,40,595
146.4380,40,595
146.4797,40,595
146.5214,40,595
146.5631,40,595
146.6048,40,595
146.6465,40,595
146.6882,40,595
146.7299,40,595
146.7716,40,595
146.8133,40,595
146.8550,40,595
146.8968,40,595
146.9385,40,595
146.9802,40,595
147.0219,40,595
147.0636,40,595
147.1053,40,595
147.1470,40,595
147.1887,40,595
147.2304,40,595
147.2721,40,595
147.3138,40,595
147.3555,40,595
147.3972,40,595
147.4390,40,595
147.4807,40,595
147.5224,40,595
147.5641,40,595
147.6058,40,595
147.6475,40,595
147.6892,40,595
147.7309,40,595
147.7726,40,595
147.8143,40,595
147.8560,40,595
147.8978,40,595
147.9395,40,595
147.9812,40,595
148.0229,40,595
148.0646,40,595
148.1063,40,595
148.1480,40,595
148.1897,40,595
148.2314,40,595
148.2731,40,595
148.3148,40,595
148.3565,40,595
148.3983,40,595
148.4400,40,595
148.4817,40,595
148.5234,40,595
148.5651,40,595
148.6068,40,595
148.6485,40,595
148.6902,40,595
148.7319,40,595
148.7736,40,595
148.8153,40,595
148.8570,40,595
148.8987,40,595
148.9405,40,595
148.9822,40,595
149.0239,40,595
149.0656,40,595
149.1073,40,595
149.1490,40,595
149.1907,40,595
149.2324,40,595
149.2741,40,595
149.3158,40,595
149.3575,40,595
149.3993,40,595
149.4410,40,595
149.4827,40,595
149.5244,40,595
149.5661,40,595
149.6078,40,595
149.6495,40,595
149.6912,40,595
149.7329,40,595
149.7746,40,595
149.8163,40,595
149.8580,40,595
149.8997,40,595
149.9415,40,595
149.9832,40,595
150.0249,40,595
150.0666,40,595
150.1083,40,595
150.1500,40,595
150.1917,40,595
150.2334,40,595
150.2751,40,595
150.3168,40,595
150.3585,40,596
150.4003,40,595
150.4420,40,595
150.4837,40,595
150.5254,41,599
150.5671,40,597
150.6088,40,597
150.6505,41,598
150.6922,249,9
150.7339,257,9
150.7756,41,600
150.8173,251,9
150.8590,237,10
150.9008,243,10
150.9425,245,9
150.9842,240,10
151.0259,225,12
151.0676,230,11
151.1093,233,11
151.1510,227,11
151.1927,216,13
151.2344,220,12
151.2761,223,12
151.3178,219,13
151.3595,214,13
151.4012,213,13
151.4430,212,14
151.4847,213,14
151.5264,213,14
151.5681,213,14
151.6098,215,13
151.6515,213,14
151.6932,213,14
151.7349,214,13
151.7766,218,13
151.8183,216,13
151.8600,216,13
151.9018,217,13
151.9435,222,12
151.9852,220,12
152.0269,219,12
152.0686,221,12
152.1103,226,12
152.1520,224,12
152.1937,223,12
152.2354,225,12
152.2771,229,11
152.3188,227,11
152.3605,226,11
152.4022,228,11
152.4440,232,11
152.4857,230,11
152.5274,229,11
152.5691,230,11
152.6108,236,10
152.6525,235,10
152.6942,233,11
152.7359,236,10
152.7776,239,10
152.8193,239,10
152.8610,237,10
152.9028,239,10
152.9445,243,10
152.9862,241,10
153.0279,240,10
153.0696,242,10
153.1113,246,9
153.1530,245,9
153.1947,245,10
153.2364,246,9
153.2781,250,9
153.3198,249,9
153.3615,248,9
153.4032,249,9
153.4450,252,9
153.4867,252,9
153.5284,251,9
153.5701,252,9
153.6118,255,9
153.6535,253,9
153.6952,253,9
153.7369,254,9
153.7786,257,9
153.8203,256,9
153.8620,256,9
153.9038,256,9
153.9455,258,9
153.9872,257,9
154.0289,257,9
154.0706,258,9
154.1123,41,600
154.1540,42,600
154.1957,42,600
154.2374,41,600
154.2791,41,599
154.3208,41,599
154.3625,41,599
154.4043,41,599
154.4460,41,599
154.4877,41,599
154.5294,41,599
154.5711,41,599
154.6128,41,599
154.6545,41,599
154.6962,41,599
154.7379,41,599
154.7796,41,598
154.8213,41,599
154.8630,41,599
154.9047,41,598
154.9465,41,598
154.9882,41,598
155.0299,41,598
155.0716,41,598
155.1133,41,598
155.1550,41,598
155.1967,41,598
155.2384,41,598
155.2801,41,597
155.3218,41,598
155.3635,41,598
155.4053,41,598
155.4470,41,597
155.4887,41,597
155.5304,40,598
155.5721,40,597
155.6138,40,597
155.6555,40,597
155.6972,41,597
155.7389,40,597
155.7806,40,597
155.8223,40,597
155.8640,40,597
155.9057,40,597
155.9475,40,597
155.9892,40,597
156.0309,40,597
156.0726,40,597
156.1143,40,597
156.1560,40,597
156.1977,40,597
156.2394,40,597
156.2811,40,597
156.3228,40,597
156.3645,40,597
156.4063,40,597
156.4480,40,596
156.4897,40,597
156.5314,40,597
156.5731,40,596
156.6148,40,597
156.6565,40,596
156.6982,40,596
156.7399,40,596
156.7816,40,596
156.8233,40,597
156.8650,40,597
156.9068,40,596
156.9485,40,596
156.9902,40,596
157.0319,40,596
157.0736,40,596
157.1153,40,596
157.1570,40,596
157.1987,40,597
157.2404,40,596
157.2821,40,596
157.3238,40,596
157.3655,40,596
157.4072,40,596
157.4490,40,596
157.4907,40,596
157.5324,40,596
157.5741,40,596
157.6158,40,596
157.6575,40,596
157.6992,40,596
157.7409,40,596
157.7826,40,596
157.8243,40,596
157.8660,40,596
157.9078,40,596
157.9495,40,596
157.9912,40,596
158.0329,40,595
158.0746,40,596
158.1163,40,596
158.1580,40,596
158.1997,40,596
158.2414,40,596
158.2831,40,595
158.3248,40,596
158.3665,40,596
158.4082,40,596
158.4500,40,596
158.4917,40,596
158.5334,40,596
158.5751,40,596
158.6168,40,596
158.6585,40,596
158.7002,40,596
158.7419,40,596
158.7836,40,596
158.8253,40,596
158.8670,40,596
158.9088,40,596
158.9505,40,596
158.9922,40,596
159.0339,40,596
159.0756,40,596
159.1173,40,596
159.1590,40,596
159.2007,40,596
159.2424,40,596
159.2841,40,596
159.3258,40,596
159.3675,40,596
159.4093,40,596
159.4510,40,596
159.4927,40,596
159.5344,40,595
159.5761,40,596
159.6178,40,596
159.6595,40,596
159.7012,40,595
159.7429,40,596
159.7846,40,596
159.8263,40,596
159.8680,40,596
159.9098,40,596
159.9515,40,596
159.9932,40,596
160.0349,40,596
160.0766,40,596
160.1183,40,596
160.1600,40,596
160.2017,40,595
160.2434,40,595
160.2851,40,596
160.3268,40,596
160.3685,40,595
160.4103,40,595
160.4520,40,595
160.4937,40,595
160.5354,40,595
160.5771,40,595
160.6188,40,595
160.6605,40,595
160.7022,40,595
160.7439,40,595
160.7856,40,595
160.8273,40,595
160.8690,40,595
160.9107,40,595
160.9525,40,595
160.9942,40,595
161.0359,40,595
161.0776,40,596
161.1193,40,596
161.1610,40,596
161.2027,40,595
161.2444,40,595
161.2861,40,596
161.3278,40,595
161.3695,40,595
161.4113,40,595
161.4530,40,595
161.4947,40,595
161.5364,40,595
161.5781,40,595
161.6198,40,595
161.6615,40,595
161.7032,40,595
161.7449,40,595
161.7866,40,595
161.8283,40,595
161.8700,40,595
161.9117,40,595
161.9535,40,595
161.9952,40,595
162.0369,40,595
162.0786,40,595
162.1203,40,595
162.1620,40,595
162.2037,40,595
162.2454,40,595
162.2871,40,595
162.3288,40,595
162.3705,40,595
162.4123,40,595
162.4540,40,595
162.4957,40,595
162.5374,40,595
162.5791,40,595
162.6208,40,595
162.6625,40,595
162.7042,40,595
162.7459,40,595
162.7876,40,595
162.8293,40,595
162.8710,40,595
162.9128,40,595
162.9545,40,595
162.9962,40,595
163.0379,40,595
163.0796,40,595
163.1213,40,595
163.1630,40,595
163.2047,40,595
163.2464,40,595
163.2881,40,595
163.3298,40,595
163.3715,40,595
163.4132,40,595
163.4550,40,595
163.4967,40,595
163.5384,40,595
163.5801,40,595
163.6218,40,595
163.6635,40,595
163.7052,40,595
163.7469,40,595
163.7886,40,595
163.8303,40,595
163.8720,40,595
163.9138,40,595
163.9555,40,595
163.9972,40,595
164.0389,40,595
164.0806,40,595
164.1223,40,595
164.1640,40,595
164.2057,40,595
164.2474,40,595
164.2891,40,595
164.3308,40,595
164.3725,40,595
164.4142,40,595
164.4560,40,595
164.4977,40,595
164.5394,40,595
164.5811,40,595
164.6228,40,595
164.6645,40,595
164.7062,40,595
164.7479,40,595
164.7896,40,595
164.8313,40,595
164.8730,40,595
164.9148,40,595
164.9565,40,595
164.9982,40,595
165.0399,40,595
165.0816,40,595
165.1233,40,595
165.1650,40,596
165.2067,40,595
165.2484,40,595
165.2901,40,595
165.3318,40,596
165.3735,40,596
165.4153,40,595
165.4570,40,595
165.4987,40,595
165.5404,40,595
165.5821,40,595
165.6238,40,595
165.6655,40,595
165.7072,40,595
165.7489,40,595
165.7906,40,595
165.8323,40,595
165.8740,40,595
165.9157,40,595
165.9575,40,595
165.9992,40,595
166.0409,40,595
166.0826,40,595
166.1243,40,595
166.1660,40,595
166.2077,40,595
166.2494,40,595
166.2911,40,595
166.3328,40,595
166.3745,40,595
166.4163,40,595
166.4580,40,595
166.4997,40,595
166.5414,40,595
166.5831,40,595
166.6248,40,595
166.6665,40,595
166.7082,40,595
166.7499,40,595
166.7916,40,595
166.8333,40,595
166.8750,40,595
166.9167,40,595
166.9585,40,595
167.0002,40,595
167.0419,40,595
167.0836,40,595
167.1253,40,595
167.1670,40,595
167.2087,40,595
167.2504,40,595
167.2921,40,595
167.3338,40,595
167.3755,40,595
167.4173,40,595
167.4590,40,595
167.5007,40,595
167.5424,40,595
167.5841,40,595
167.6258,40,595
167.6675,40,595
167.7092,40,595
167.7509,40,595
167.7926,40,595
167.8343,40,595
167.8760,40,595
167.9177,40,595
167.9595,40,595
168.0012,40,595
168.0429,40,595
168.0846,40,595
168.1263,40,595
168.1680,40,595
168.2097,40,595
168.2514,40,595
168.2931,40,595
168.3348,40,595
168.3765,40,595
168.4183,40,595
168.4600,40,595
168.5017,40,595
168.5434,40,595
168.5851,40,595
168.6268,40,595
168.6685,40,595
168.7102,40,595
168.7519,40,595
168.7936,40,595
168.8353,40,595
168.8770,40,595
168.9188,40,595
168.9605,40,595
169.0022,40,595
169.0439,40,595
169.0856,40,595
169.1273,40,595
169.1690,40,595
169.2107,40,595
169.2524,40,596
169.2941,40,595
169.3358,40,595
169.3775,40,595
169.4192,40,595
169.4610,40,595
169.5027,40,595
169.5444,40,595
169.5861,40,595
169.6278,40,595
169.6695,40,595
169.7112,40,595
169.7529,40,595
169.7946,40,595
169.8363,40,595
169.8780,40,595
169.9198,40,595
169.9615,40,595
170.0032,40,595
170.0449,40,596
170.0866,40,595
170.1283,40,595
170.1700,40,595
170.2117,40,595
170.2534,40,595
170.2951,40,595
170.3368,40,595
170.3785,40,595
170.4202,40,595
170.4620,40,595
170.5037,40,595
170.5454,40,595
170.5871,40,595
170.6288,40,595
170.6705,40,595
170.7122,40,595
170.7539,40,595
170.7956,40,595
170.8373,40,595
170.8790,40,595
170.9208,40,595
170.9625,40,595
171.0042,40,595
171.0459,40,595
171.0876,40,595
171.1293,40,595
171.1710,40,595
171.2127,40,595
171.2544,40,595
171.2961,40,596
171.3378,40,596
171.3795,40,595
171.4213,40,596
171.4630,40,596
171.5047,40,596
171.5464,40,595
171.5881,40,595
171.6298,40,595
171.6715,40,596
171.7132,40,595
171.7549,40,595
171.7966,40,595
171.8383,40,595
171.8800,40,595
171.9217,40,595
171.9635,40,595
172.0052,40,595
172.0469,40,595
172.0886,40,595
172.1303,40,595
172.1720,40,595
172.2137,40,595
172.2554,40,595
172.2971,40,595
172.3388,40,595
172.3805,40,595
172.4223,40,595
172.4640,40,595
172.5057,40,595
172.5474,40,595
172.5891,40,595
172.6308,40,595
172.6725,40,596
172.7142,40,595
172.7559,40,595
172.7976,40,596
172.8393,40,595
172.8810,40,595
172.9227,40,595
172.9645,40,595
173.0062,40,595
173.0479,40,595
173.0896,40,595
173.1313,40,595
173.1730,40,595
173.2147,40,595
173.2564,40,595
173.2981,40,595
173.3398,40,595
173.3815,40,595
173.4233,40,595
173.4650,40,595
173.5067,40,595
173.5484,40,595
173.5901,40,595
173.6318,40,595
173.6735,40,595
173.7152,40,595
173.7569,40,595
173.7986,40,595
173.8403,40,595
173.8820,40,595
173.9237,40,596
173.9655,40,595
174.0072,40,595
174.0489,40,595
174.0906,40,595
174.1323,40,595
174.1740,40,595
174.2157,40,595
174.2574,40,595
174.2991,40,595
174.3408,40,595
174.3825,40,595
174.4243,40,595
174.4660,40,595
174.5077,40,595
174.5494,40,595
174.5911,40,595
174.6328,40,595
174.6745,40,595
174.7162,40,595
174.7579,40,595
174.7996,40,595
174.8413,40,595
174.8830,40,595
174.9248,40,595
174.9665,40,595
175.0082,40,595
175.0499,40,595
175.0916,40,595
175.1333,40,595
175.1750,40,595
175.2167,40,595
175.2584,40,595
175.3001,40,595
175.3418,40,595
175.3835,40,595
175.4252,40,595
175.4670,40,595
175.5087,40,595
175.5504,40,595
175.5921,40,595
175.6338,40,596
175.6755,40,595
175.7172,40,595
175.7589,40,595
175.8006,40,595
175.8423,40,595
175.8840,40,595
175.9258,40,595
175.9675,40,595
176.0092,40,595
176.0509,40,596
176.0926,40,595
176.1343,40,595
176.1760,40,596
176.2177,40,595
176.2594,40,595
176.3011,40,595
176.3428,40,595
176.3845,40,595
176.4262,40,595
176.4680,40,595
176.5097,40,595
176.5514,40,595
176.5931,40,595
176.6348,40,595
176.6765,40,595
176.7182,40,595
176.7599,40,595
176.8016,40,595
176.8433,40,595
176.8850,40,595
176.9268,40,595
176.9685,40,595
177.0102,40,595
177.0519,40,595
177.0936,40,595
177.1353,40,595
177.1770,40,595
177.2187,40,595
177.2604,40,595
177.3021,38,597
177.3438,40,595
177.3855,40,595
177.4273,40,595
177.4690,40,596
177.5107,40,595
177.5524,40,595
177.5941,40,596
177.6358,40,595
177.6775,40,595
177.7192,40,595
177.7609,40,596
177.8026,40,596
177.8443,40,596
177.8860,40,596
177.9277,40,596
177.9695,40,595
178.0112,40,596
178.0529,40,596
178.0946,40,595
178.1363,40,595
178.1780,40,596
178.2197,40,596
178.2614,40,595
178.3031,40,595
178.3448,40,595
178.3865,40,595
178.4283,40,595
178.4700,40,595
178.5117,40,595
178.5534,40,595
178.5951,40,595
178.6368,40,595
178.6785,40,595
178.7202,40,595
178.7619,40,596
178.8036,40,595
178.8453,40,595
178.8870,40,595
178.9287,40,595
178.9705,40,595
179.0122,40,595
179.0539,40,595
179.0956,40,595
179.1373,40,595
179.1790,40,595
179.2207,40,595
179.2624,40,595
179.3041,40,595
179.3458,40,595
179.3875,40,595
179.4293,40,595
179.4710,40,596
179.5127,40,595
179.5544,40,595
179.5961,40,596
179.6378,40,596
179.6795,40,596
179.7212,40,596
179.7629,40,596
179.8046,40,595
179.8463,40,595
179.8880,40,595
179.9297,40,595
179.9715,40,595
180.0132,40,596
180.0549,40,595
180.0966,40,595
180.1383,40,595
180.1800,40,595
180.2217,40,595
180.2634,40,595
180.3051,40,595
180.3468,40,595
180.3885,40,596
180.4303,40,596
180.4720,40,595
180.5137,40,595
180.5554,40,596
180.5971,40,595
180.6388,40,595
180.6805,40,595
180.7222,40,595
180.7639,40,595
180.8056,40,595
180.8473,40,595
180.8890,40,595
180.9308,40,596
180.9725,40,595
181.0142,40,595
181.0559,40,595
181.0976,40,595
181.1393,40,596
181.1810,40,595
181.2227,40,595
181.2644,40,596
181.3061,40,595
181.3478,40,596
181.3895,40,596
181.4312,40,595
181.4730,40,595
181.5147,40,595
181.5564,40,595
181.5981,40,595
181.6398,40,596
181.6815,40,596
181.7232,40,596
181.7649,40,596
181.8066,40,595
181.8483,40,595
181.8900,40,596
181.9318,40,595
181.9735,40,595
182.0152,40,595
182.0569,40,595
182.0986,40,595
182.1403,40,595
182.1820,40,595
182.2237,40,595
182.2654,40,595
182.3071,40,595
182.3488,40,595
182.3905,40,595
182.4322,40,595
182.4740,40,595
182.5157,40,595
182.5574,40,595
182.5991,40,595
182.6408,40,595
182.6825,40,595
182.7242,40,595
182.7659,40,595
182.8076,40,595
182.8493,40,595
182.8910,40,596
182.9328,40,595
182.9745,40,595
183.0162,40,596
183.0579,40,595
183.0996,40,595
183.1413,40,595
183.1830,40,595
183.2247,40,595
183.2664,40,595
183.3081,40,595
183.3498,40,595
183.3915,40,595
183.4333,40,595
183.4750,40,595
183.5167,40,595
183.5584,40,595
183.6001,40,595
183.6418,40,595
183.6835,40,595
183.7252,40,595
183.7669,40,595
183.8086,40,595
183.8503,40,595
183.8920,40,595
183.9337,40,595
183.9755,40,595
184.0172,40,595
184.0589,40,595
184.1006,40,595
184.1423,40,595
184.1840,40,595
184.2257,40,595
184.2674,40,595
184.3091,40,595
184.3508,40,595
184.3925,40,595
184.4343,40,595
184.4760,40,595
184.5177,40,596
184.5594,40,595
184.6011,40,595
184.6428,40,595
184.6845,40,595
184.7262,40,595
184.7679,40,595
184.8096,40,596
184.8513,40,595
184.8930,40,595
184.9347,40,595
184.9765,40,595
185.0182,40,595
185.0599,40,595
185.1016,40,595
185.1433,40,595
185.1850,40,595
185.2267,40,595
185.2684,40,596
185.3101,40,595
185.3518,40,595
185.3935,40,595
185.4353,40,595
185.4770,40,595
185.5187,40,595
185.5604,40,595
185.6021,40,595
185.6438,40,595
185.6855,40,595
185.7272,40,595
185.7689,40,595
185.8106,40,595
185.8523,40,595
185.8940,40,595
185.9357,40,595
185.9775,40,595
186.0192,40,595
186.0609,40,595
186.1026,40,595
186.1443,40,595
186.1860,40,595
186.2277,40,595
186.2694,40,595
186.3111,40,595
186.3528,40,595
186.3945,40,595
186.4362,40,595
186.4780,40,595
186.5197,40,595
186.5614,40,595
186.6031,40,595
186.6448,40,595
186.6865,40,595
186.7282,40,595
186.7699,40,595
186.8116,40,595
186.8533,40,595
186.8950,40,595
186.9368,40,595
186.9785,40,595
187.0202,40,595
187.0619,40,595
187.1036,40,595
187.1453,40,595
187.1870,40,595
187.2287,40,595
187.2704,40,595
187.3121,40,595
187.3538,40,595
187.3955,40,595
187.4372,40,595
187.4790,40,595
187.5207,40,595
187.5624,40,595
187.6041,40,595
187.6458,40,595
187.6875,40,595
187.7292,40,595
187.7709,40,595
187.8126,40,595
187.8543,40,595
187.8960,40,595
187.9378,40,595
187.9795,40,595
188.0212,40,595
188.0629,40,595
188.1046,40,595
188.1463,40,595
188.1880,40,595
188.2297,40,595
188.2714,40,595
188.3131,40,595
188.3548,40,595
188.3965,40,595
188.4382,40,595
188.4800,40,595
188.5217,40,595
188.5634,40,595
188.6051,40,595
188.6468,40,595
188.6885,40,595
188.7302,40,595
188.7719,40,595
188.8136,40,595
188.8553,40,595
188.8970,40,595
188.9388,40,595
188.9805,40,595
189.0222,40,595
189.0639,40,595
189.1056,40,595
189.1473,40,595
189.1890,40,595
189.2307,40,595
189.2724,40,595
189.3141,40,595
189.3558,40,595
189.3975,40,595
189.4393,40,595
189.4810,40,595
189.5227,40,595
189.5644,40,595
189.6061,40,595
189.6478,40,595
189.6895,40,595
189.7312,40,595
189.7729,40,595
189.8146,40,595
189.8563,40,595
189.8980,40,595
189.9397,40,595
189.9815,40,595
190.0232,40,595
190.0649,40,595
190.1066,40,595
190.1483,40,595
190.1900,40,595
190.2317,40,595
190.2734,40,595
190.3151,40,595
190.3568,40,595
190.3985,40,595
190.4403,40,595
190.4820,40,595
190.5237,40,595
190.5654,40,595
190.6071,40,595
190.6488,40,595
190.6905,40,595
190.7322,40,595
190.7739,40,595
190.8156,40,595
190.8573,40,595
190.8990,40,595
190.9407,40,595
190.9825,40,595
191.0242,40,595
191.0659,40,595
191.1076,40,595
191.1493,40,595
191.1910,40,595
191.2327,40,595
191.2744,40,595
191.3161,40,595
191.3578,40,595
191.3995,40,595
191.4413,40,595
191.4830,40,595
191.5247,40,595
191.5664,40,595
191.6081,40,595
191.6498,40,595
191.6915,40,595
191.7332,40,595
191.7749,40,595
191.8166,40,595
191.8583,40,595
191.9000,40,595
191.9417,40,595
191.9835,40,595
192.0252,40,595
192.0669,40,594
192.1086,40,594
192.1503,40,595
192.1920,40,595
192.2337,40,595
192.2754,40,595
192.3171,40,595
192.3588,40,595
192.4005,40,595
192.4422,40,595
192.4840,40,595
192.5257,40,595
192.5674,40,595
192.6091,40,595
192.6508,40,595
192.6925,40,595
192.7342,40,595
192.7759,40,595
192.8176,40,595
192.8593,40,595
192.9010,40,595
192.9428,40,595
192.9845,40,594
193.0262,40,595
193.0679,40,595
193.1096,40,595
193.1513,40,595
193.1930,40,595
193.2347,40,595
193.2764,40,595
193.3181,40,595
193.3598,40,595
193.4015,40,595
193.4432,40,595
193.4850,40,595
193.5267,40,595
193.5684,40,595
193.6101,40,595
193.6518,40,595
193.6935,40,595
193.7352,40,595
193.7769,40,595
193.8186,40,595
193.8603,40,595
193.9020,40,595
193.9438,40,595
193.9855,40,595
194.0272,40,595
194.0689,40,595
194.1106,40,595
194.1523,40,595
194.1940,40,595
194.2357,40,595
194.2774,40,595
194.3191,40,595
194.3608,40,595
194.4025,40,595
194.4442,40,595
194.4860,40,595
194.5277,40,595
194.5694,40,595
194.6111,40,595
194.6528,40,595
194.6945,40,595
194.7362,40,595
194.7779,40,595
194.8196,40,595
194.8613,40,595
194.9030,40,595
194.9448,40,595
194.9865,40,595
195.0282,40,594
195.0699,40,595
195.1116,40,595
195.1533,40,595
195.1950,40,595
195.2367,40,595
195.2784,40,595
195.3201,40,595
195.3618,40,595
195.4035,40,595
195.4453,40,595
195.4870,40,595
195.5287,40,595
195.5704,40,595
195.6121,40,594
195.6538,40,595
195.6955,40,594
195.7372,40,594
195.7789,40,594
195.8206,40,594
195.8623,40,594
195.9040,40,594
195.9457,40,595
195.9875,40,594
196.0292,40,595
196.0709,40,594
196.1126,40,595
196.1543,40,594
196.1960,40,595
196.2377,40,595
196.2794,40,594
196.3211,40,594
196.3628,40,595
196.4045,40,594
196.4463,40,595
196.4880,40,595
196.5297,40,595
196.5714,40,594
196.6131,40,594
196.6548,40,594
196.6965,40,594
196.7382,40,594
196.7799,40,594
196.8216,40,594
196.8633,40,594
196.9050,40,594
196.9467,40,594
196.9885,40,594
197.0302,40,594
197.0719,40,595
197.1136,40,595
197.1553,40,594
197.1970,40,595
197.2387,40,594
197.2804,40,594
197.3221,40,594
197.3638,40,595
197.4055,40,595
197.4473,40,595
197.4890,40,595
197.5307,40,595
197.5724,40,594
197.6141,40,595
197.6558,40,595
197.6975,40,595
197.7392,40,594
197.7809,40,594
197.8226,40,594
197.8643,40,595
197.9060,40,595
197.9477,40,595
197.9895,40,595
198.0312,40,595
198.0729,40,595
198.1146,40,595
198.1563,40,595
198.1980,40,595
198.2397,40,595
198.2814,40,595
198.3231,40,595
198.3648,40,595
198.4065,40,595
198.4482,40,595
198.4900,40,595
198.5317,40,595
198.5734,40,595
198.6151,40,595
198.6568,40,595
198.6985,40,595
198.7402,40,594
198.7819,40,594
198.8236,40,595
198.8653,40,594
198.9070,40,595
198.9488,40,595
198.9905,40,595
199.0322,40,595
199.0739,40,595
199.1156,40,594
199.1573,40,594
199.1990,40,595
199.2407,40,594
199.2824,40,594
199.3241,40,594
199.3658,40,594
199.4075,40,595
199.4492,40,595
199.4910,40,594
199.5327,40,595
199.5744,40,594
199.6161,40,594
199.6578,40,594
199.6995,40,595
199.7412,40,594
199.7829,40,594
199.8246,40,594
199.8663,40,594
199.9080,40,594
199.9498,40,594
199.9915,40,594
200.0332,40,594
200.0749,40,594
200.1166,40,594
200.1583,40,594
200.2000,40,594
200.2417,40,594
200.2834,40,594
200.3251,40,594
200.3668,40,594
200.4085,40,594
200.4502,40,594
200.4920,40,594
200.5337,40,594
200.5754,40,594
200.6171,40,594
200.6588,40,594
200.7005,40,594
200.7422,40,595
200.7839,40,594
200.8256,40,594
200.8673,40,595
200.9090,40,594
200.9508,40,594
200.9925,40,595
201.0342,40,594
201.0759,40,594
201.1176,40,594
201.1593,40,594
201.2010,40,594
201.2427,40,594
201.2844,40,594
201.3261,40,594
201.3678,40,594
201.4095,40,594
201.4513,40,595
201.4930,40,594
201.5347,40,594
201.5764,40,595
201.6181,40,594
201.6598,40,595
201.7015,40,594
201.7432,40,595
201.7849,40,594
201.8266,40,594
201.8683,40,595
201.9100,40,595
201.9517,40,594
201.9935,40,595
202.0352,40,595
202.0769,40,594
202.1186,40,595
202.1603,40,594
202.2020,40,594
202.2437,40,595
202.2854,40,595
202.3271,40,595
202.3688,40,595
202.4105,40,595
202.4523,40,595
202.4940,40,595
202.5357,40,595
202.5774,40,594
202.6191,40,595
202.6608,40,594
202.7025,40,595
202.7442,40,595
202.7859,40,595
202.8276,40,595
202.8693,40,595
202.9110,40,595
202.9527,40,594
202.9945,40,595
203.0362,40,594
203.0779,40,595
203.1196,40,594
203.1613,40,594
203.2030,40,595
203.2447,40,595
203.2864,40,595
203.3281,40,595
203.3698,40,595
203.4115,40,595
203.4533,40,595
203.4950,40,595
203.5367,40,595
203.5784,40,595
203.6201,40,595
203.6618,40,594
203.7035,40,594
203.7452,40,595
203.7869,40,594
203.8286,40,594
203.8703,40,595
203.9120,40,595
203.9537,40,595
203.9955,40,594
204.0372,40,594
204.0789,40,594
204.1206,40,594
204.1623,40,594
204.2040,40,594
204.2457,40,594
204.2874,40,594
204.3291,40,595
204.3708,40,594
204.4125,40,594
204.4542,40,594
204.4960,40,594
204.5377,40,595
204.5794,40,595
204.6211,40,594
204.6628,40,595
204.7045,40,595
204.7462,40,595
204.7879,40,595
204.8296,40,595
204.8713,40,595
204.9130,40,595
204.9548,40,595
204.9965,40,595
205.0382,40,595
205.0799,40,595
205.1216,40,595
205.1633,40,595
205.2050,40,595
205.2467,40,595
205.2884,40,595
205.3301,40,594
205.3718,40,594
205.4135,40,595
205.4552,40,594
205.4970,40,594
205.5387,40,594
205.5804,40,595
205.6221,40,594
205.6638,40,595
205.7055,40,595
205.7472,40,594
205.7889,40,595
205.8306,40,594
205.8723,40,594
205.9140,40,594
205.9558,40,594
205.9975,40,594
206.0392,40,594
206.0809,40,594
206.1226,40,594
206.1643,40,594
206.2060,40,594
206.2477,40,595
206.2894,40,594
206.3311,40,594
206.3728,40,594
206.4145,40,594
206.4562,40,594
206.4980,40,594
206.5397,40,594
206.5814,40,594
206.6231,40,594
206.6648,40,594
206.7065,40,594
206.7482,40,594
206.7899,40,594
206.8316,40,594
206.8733,40,594
206.9150,40,594
206.9567,40,594
206.9985,40,594
207.0402,40,594
207.0819,40,594
207.1236,40,594
207.1653,40,594
207.2070,40,594
207.2487,40,594
207.2904,40,594
207.3321,40,594
207.3738,40,594
207.4155,40,594
207.4573,40,594
207.4990,40,594
207.5407,40,594
207.5824,40,594
207.6241,40,594
207.6658,40,594
207.7075,40,594
207.7492,40,594
207.7909,40,594
207.8326,40,594
207.8743,40,594
207.9160,40,594
207.9577,40,594
207.9995,40,594
208.0412,40,594
208.0829,40,594
208.1246,40,594
208.1663,40,594
208.2080,40,594
208.2497,40,594
208.2914,40,594
208.3331,40,594
208.3748,40,594
208.4165,40,594
208.4583,40,594
208.5000,40,594
208.5417,40,594
208.5834,40,594
208.6251,40,594
208.6668,40,594
208.7085,40,594
208.7502,40,594
208.7919,40,594
208.8336,40,594
208.8753,40,594
208.9170,40,594
208.9587,40,594
209.0005,40,594
209.0422,40,594
209.0839,40,594
209.1256,40,594
209.1673,40,594
209.2090,40,594
209.2507,40,594
209.2924,40,594
209.3341,40,594
209.3758,40,594
209.4175,40,594
209.4593,40,594
209.5010,40,594
209.5427,40,594
209.5844,40,594
209.6261,40,594
209.6678,40,594
209.7095,40,594
209.7512,40,594
209.7929,40,594
209.8346,40,594
209.8763,40,594
209.9180,40,594
209.9597,40,594
210.0015,40,594
210.0432,40,594
210.0849,40,594
210.1266,40,594
210.1683,40,594
210.2100,40,594
210.2517,40,594
210.2934,40,594
210.3351,40,594
210.3768,40,594
210.4185,40,594
210.4602,40,594
210.5020,40,594
210.5437,40,594
210.5854,40,594
210.6271,40,594
210.6688,40,594
210.7105,40,594
210.7522,40,594
210.7939,40,594
210.8356,40,595
210.8773,40,595
210.9190,40,594
210.9608,40,595
211.0025,40,594
211.0442,40,594
211.0859,40,594
211.1276,40,594
211.1693,40,594
211.2110,40,594
211.2527,40,594
211.2944,40,594
211.3361,40,594
211.3778,40,594
211.4195,40,594
211.4612,40,594
211.5030,40,594
211.5447,40,594
211.5864,40,594
211.6281,40,594
211.6698,40,594
211.7115,40,594
211.7532,40,594
211.7949,40,594
211.8366,40,594
211.8783,40,594
211.9200,40,594
211.9618,40,594
212.0035,40,594
212.0452,40,594
212.0869,40,594
212.1286,40,594
212.1703,40,594
212.2120,40,594
212.2537,40,594
212.2954,40,594
212.3371,40,594
212.3788,40,594
212.4205,40,594
212.4622,40,594
212.5040,40,594
212.5457,40,594
212.5874,40,594
212.6291,40,594
212.6708,40,594
212.7125,40,594
212.7542,40,594
212.7959,40,594
212.8376,40,594
212.8793,40,594
212.9210,40,594
212.9627,40,594
213.0045,40,594
213.0462,40,594
213.0879,40,594
213.1296,40,594
213.1713,40,594
213.2130,40,594
213.2547,40,595
213.2964,40,595
213.3381,40,595
213.3798,40,595
213.4215,39,595
213.4633,40,595
213.5050,39,595
213.5467,39,595
213.5884,39,595
213.6301,39,595
213.6718,39,595
213.7135,39,595
213.7552,39,595
213.7969,39,595
213.8386,39,595
213.8803,39,595
213.9220,39,595
213.9637,39,595
214.0055,39,595
214.0472,39,595
214.0889,39,595
214.1306,39,595
214.1723,39,595
214.2140,39,595
214.2557,39,595
214.2974,39,595
214.3391,39,595
214.3808,39,595
214.4225,39,595
214.4643,39,595
214.5060,39,595
214.5477,39,595
214.5894,39,596
214.6311,39,596
214.6728,39,596
214.7145,39,596
214.7562,39,596
214.7979,39,596
214.8396,39,596
214.8813,39,596
214.9230,39,596
214.9647,39,596
215.0065,39,596
215.0482,39,596
215.0899,38,596
215.1316,38,596
215.1733,38,596
215.2150,38,596
215.2567,38,596
215.2984,38,596
215.3401,38,596
215.3818,38,596
215.4235,38,596
215.4653,38,596
215.5070,38,596
215.5487,38,596
215.5904,39,596
215.6321,38,596
215.6738,38,596
215.7155,38,596
215.7572,38,596
215.7989,39,596
215.8406,39,596
215.8823,38,596
215.9240,38,596
215.9657,38,596
216.0075,38,596
216.0492,38,596
216.0909,38,596
216.1326,38,596
216.1743,38,596
216.2160,38,596
216.2577,39,596
216.2994,38,596
216.3411,38,596
216.3828,38,596
216.4245,38,596
216.4662,38,596
216.5080,38,596
216.5497,38,596
216.5914,39,596
216.6331,38,596
216.6748,38,596
216.7165,38,596
216.7582,39,596
216.7999,39,596
216.8416,38,596
216.8833,39,596
216.9250,39,596
216.9668,39,596
217.0085,39,596
217.0502,39,596
217.0919,39,596
217.1336,39,596
217.1753,39,596
217.2170,39,596
217.2587,39,596
217.3004,39,596
217.3421,39,596
217.3838,39,596
217.4255,39,596
217.4672,39,596
217.5090,39,596
217.5507,39,596
217.5924,38,596
217.6341,39,596
217.6758,39,596
217.7175,38,596
217.7592,39,596
217.8009,38,596
217.8426,38,596
217.8843,38,596
217.9260,39,596
217.9678,39,596
218.0095,39,596
218.0512,39,596
218.0929,39,596
218.1346,39,596
218.1763,38,596
218.2180,38,596
218.2597,39,596
218.3014,39,596
218.3431,39,596
218.3848,39,596
218.4265,39,596
218.4682,39,596
218.5100,39,596
218.5517,39,596
218.5934,39,596
218.6351,39,596
218.6768,39,596
218.7185,39,596
218.7602,38,596
218.8019,39,596
218.8436,39,596
218.8853,39,596
218.9270,39,596
218.9687,39,596
219.0105,39,596
219.0522,38,596
219.0939,38,596
219.1356,38,596
219.1773,38,596
219.2190,38,596
219.2607,39,596
219.3024,38,596
219.3441,38,596
219.3858,39,596
219.4275,39,596
219.4693,39,596
219.5110,39,596
219.5527,39,596
219.5944,39,596
219.6361,38,596
219.6778,38,596
219.7195,38,596
219.7612,39,596
219.8029,39,596
219.8446,39,596
219.8863,39,596
219.9280,38,596
219.9697,38,596
220.0115,39,596
220.0532,38,596
220.0949,39,596
220.1366,39,596
220.1783,38,596
220.2200,39,596
220.2617,39,596
220.3034,39,596
220.3451,39,596
220.3868,38,596
220.4285,39,596
220.4703,39,596
220.5120,38,596
220.5537,39,596
220.5954,39,596
220.6371,39,596
220.6788,39,596
220.7205,39,596
220.7622,39,596
220.8039,39,596
220.8456,39,596
220.8873,39,596
220.9290,39,596
220.9707,39,596
221.0125,39,596
221.0542,39,596
221.0959,39,596
221.1376,39,596
221.1793,39,596
221.2210,38,596
221.2627,39,596
221.3044,39,596
221.3461,39,596
221.3878,39,596
221.4295,39,596
221.4713,39,596
221.5130,39,596
221.5547,39,596
221.5964,39,596
221.6381,39,596
221.6798,39,596
221.7215,39,596
221.7632,39,596
221.8049,39,596
221.8466,39,596
221.8883,39,596
221.9300,39,596
221.9718,39,596
222.0135,39,596
222.0552,39,596
222.0969,39,596
222.1386,39,596
222.1803,39,596
222.2220,39,596
222.2637,39,596
222.3054,39,596
222.3471,39,596
222.3888,39,596
222.4305,39,596
222.4722,39,596
222.5140,39,596
222.5557,39,596
222.5974,39,596
222.6391,39,596
222.6808,39,596
222.7225,39,596
222.7642,39,596
222.8059,39,596
222.8476,39,596
222.8893,39,596
222.9310,39,596
222.9728,39,596
223.0145,39,596
223.0562,39,596
223.0979,39,596
223.1396,39,596
223.1813,39,596
223.2230,39,596
223.2647,39,596
223.3064,39,596
223.3481,39,596
223.3898,39,596
223.4315,39,596
223.4732,39,596
223.5150,39,596
223.5567,39,596
223.5984,36,598
223.6401,39,596
223.6818,39,596
223.7235,39,596
223.7652,36,598
223.8069,39,596
223.8486,36,598
223.8903,39,596
223.9320,36,598
223.9738,36,598
224.0155,36,598
224.0572,36,598
224.0989,39,596
224.1406,36,598
224.1823,36,598
224.2240,36,598
224.2657,36,598
224.3074,39,596
224.3491,39,596
224.3908,36,598
224.4325,39,596
224.4742,39,596
224.5160,39,596
224.5577,39,596
224.5994,39,596
224.6411,39,596
224.6828,39,596
224.7245,39,596
224.7662,39,596
224.8079,39,596
224.8496,39,596
224.8913,39,596
224.9330,39,596
224.9747,39,596
225.0165,39,596
225.0582,39,596
225.0999,39,596
225.1416,39,596
225.1833,39,596
225.2250,39,596
225.2667,39,596
225.3084,39,596
225.3501,39,596
225.3918,39,596
225.4335,39,596
225.4753,39,596
225.5170,39,596
225.5587,39,596
225.6004,39,596
225.6421,39,596
225.6838,39,596
225.7255,39,596
225.7672,39,596
225.8089,39,596
225.8506,39,596
225.8923,39,596
225.9340,39,596
225.9757,39,596
226.0175,39,596
226.0592,39,596
226.1009,39,596
226.1426,39,596
226.1843,39,596
226.2260,39,596
226.2677,39,596
226.3094,39,596
226.3511,39,596
226.3928,39,596
226.4345,39,596
226.4763,39,596
226.5180,39,596
226.5597,39,596
226.6014,39,596
226.6431,39,596
226.6848,39,596
226.7265,39,596
226.7682,39,596
226.8099,39,596
226.8516,39,596
226.8933,39,596
226.9350,39,596
226.9767,39,596
227.0185,39,596
227.0602,39,596
227.1019,39,596
227.1436,39,596
227.1853,39,596
227.2270,39,596
227.2687,39,596
227.3104,39,596
227.3521,39,596
227.3938,39,596
227.4355,39,596
227.4773,39,596
227.5190,39,596
227.5607,39,596
227.6024,39,596
227.6441,39,596
227.6858,39,596
227.7275,39,596
227.7692,39,596
227.8109,39,596
227.8526,39,596
227.8943,39,596
227.9360,39,596
227.9778,39,596
228.0195,39,596
228.0612,39,596
228.1029,39,596
228.1446,39,596
228.1863,39,596
228.2280,39,596
228.2697,39,596
228.3114,39,596
228.3531,39,596
228.3948,39,596
228.4365,39,596
228.4782,39,596
228.5200,39,596
228.5617,39,596
228.6034,39,596
228.6451,39,596
228.6868,39,596
228.7285,39,596
228.7702,39,596
228.8119,39,596
228.8536,39,596
228.8953,39,596
228.9370,39,596
228.9788,39,596
229.0205,39,596
229.0622,39,596
229.1039,39,596
229.1456,39,596
229.1873,39,596
229.2290,39,596
229.2707,39,596
229.3124,39,596
229.3541,39,596
229.3958,39,596
229.4375,39,596
229.4792,39,596
229.5210,39,596
229.5627,39,596
229.6044,39,596
229.6461,39,596
229.6878,39,596
229.7295,39,596
229.7712,39,596
229.8129,39,596
229.8546,39,596
229.8963,39,596
229.9380,39,596
229.9798,39,596
230.0215,39,596
230.0632,39,596
230.1049,39,596
230.1466,39,596
230.1883,39,596
230.2300,39,596
230.2717,39,596
230.3134,39,596
230.3551,39,596
230.3968,39,596
230.4385,39,596
230.4802,39,596
230.5220,39,596
230.5637,39,596
230.6054,39,596
230.6471,39,596
230.6888,39,596
230.7305,39,596
230.7722,39,596
230.8139,39,596
230.8556,39,596
230.8973,39,596
230.9390,39,596
230.9807,39,596
231.0225,39,596
231.0642,39,596
231.1059,39,596
231.1476,39,596
231.1893,39,596
231.2310,39,596
231.2727,39,596
231.3144,39,596
231.3561,39,596
231.3978,39,596
231.4395,39,596
231.4813,39,596
231.5230,39,596
231.5647,39,596
231.6064,39,596
231.6481,39,596
231.6898,39,596
231.7315,39,596
231.7732,39,596
231.8149,39,596
231.8566,39,596
231.8983,39,596
231.9400,39,596
231.9817,39,596
232.0235,39,596
232.0652,39,596
232.1069,39,596
232.1486,39,596
232.1903,39,596
232.2320,39,596
232.2737,39,596
232.3154,39,596
232.3571,39,596
232.3988,39,596
232.4405,39,596
232.4823,39,596
232.5240,39,596
232.5657,39,596
232.6074,39,596
232.6491,39,596
232.6908,39,596
232.7325,39,596
232.7742,39,596
232.8159,39,596
232.8576,39,596
232.8993,39,596
232.9410,39,596
232.9827,39,596
233.0245,39,596
233.0662,39,596
233.1079,39,596
233.1496,39,596
233.1913,39,596
233.2330,39,596
233.2747,39,596
233.3164,39,596
233.3581,39,596
233.3998,39,596
233.4415,39,596
233.4832,39,596
233.5250,39,596
233.5667,39,596
233.6084,39,596
233.6501,39,596
233.6918,39,596
233.7335,39,596
233.7752,39,596
233.8169,39,596
233.8586,39,596
233.9003,39,596
233.9420,39,596
233.9838,39,596
234.0255,39,596
234.0672,39,596
234.1089,39,596
234.1506,39,596
234.1923,39,596
234.2340,39,596
234.2757,39,596
234.3174,39,596
234.3591,39,596
234.4008,39,596
234.4425,39,596
234.4842,39,596
234.5260,39,596
234.5677,39,596
234.6094,39,596
234.6511,39,596
234.6928,39,596
234.7345,39,596
234.7762,39,596
234.8179,39,596
234.8596,39,596
234.9013,39,596
234.9430,39,596
234.9848,39,596
235.0265,39,596
235.0682,39,596
235.1099,39,596
235.1516,39,596
235.1933,39,596
235.2350,39,596
235.2767,39,596
235.3184,39,596
235.3601,39,596
235.4018,39,596
235.4435,39,596
235.4852,39,596
235.5270,39,596
235.5687,39,596
235.6104,39,596
235.6521,39,596
235.6938,39,596
235.7355,39,596
235.7772,39,596
235.8189,39,596
235.8606,39,596
235.9023,39,596
235.9440,39,596
235.9858,39,596
236.0275,39,596
236.0692,39,596
236.1109,39,596
236.1526,39,596
236.1943,39,596
236.2360,39,596
236.2777,39,596
236.3194,39,596
236.3611,39,596
236.4028,39,596
236.4445,39,596
236.4862,39,596
236.5280,39,596
236.5697,39,596
236.6114,39,596
236.6531,39,596
236.6948,39,596
236.7365,39,596
236.7782,39,596
236.8199,39,596
236.8616,39,596
236.9033,39,596
236.9450,39,596
236.9867,39,596
237.0285,39,596
237.0702,39,596
237.1119,39,596
237.1536,39,596
237.1953,39,596
237.2370,39,596
237.2787,39,596
237.3204,39,596
237.3621,39,596
237.4038,39,596
237.4455,39,596
237.4873,39,596
237.5290,39,596
237.5707,39,596
237.6124,39,596
237.6541,39,596
237.6958,39,596
237.7375,39,596
237.7792,39,596
237.8209,39,596
237.8626,39,596
237.9043,39,596
237.9460,39,596
237.9877,39,596
238.0295,39,596
238.0712,39,596
238.1129,39,596
238.1546,39,596
238.1963,39,596
238.2380,39,596
238.2797,39,596
238.3214,39,596
238.3631,39,596
238.4048,39,596
238.4465,39,596
238.4883,39,596
238.5300,39,596
238.5717,39,596
238.6134,39,596
238.6551,39,596
238.6968,39,596
238.7385,39,596
238.7802,39,596
238.8219,39,596
238.8636,39,596
238.9053,39,596
238.9470,39,596
238.9887,39,596
239.0305,39,596
239.0722,38,596
239.1139,39,596
239.1556,39,596
239.1973,39,596
239.2390,39,596
239.2807,39,596
239.3224,39,596
239.3641,39,596
239.4058,39,596
239.4475,39,596
239.4892,39,596
239.5310,39,596
239.5727,39,596
239.6144,39,596
239.6561,39,596
239.6978,39,596
239.7395,39,596
239.7812,39,596
239.8229,39,596
239.8646,39,596
239.9063,39,596
239.9480,39,596
239.9898,39,596
240.0315,38,596
240.0732,39,596
240.1149,38,596
240.1566,39,596
240.1983,39,596
240.2400,39,596
240.2817,39,596
240.3234,39,596
240.3651,38,596
240.4068,39,596
240.4485,39,596
240.4902,39,596
240.5320,39,596
240.5737,39,596
240.6154,38,596
240.6571,39,596
240.6988,39,596
240.7405,38,596
240.7822,38,596
240.8239,38,596
240.8656,38,596
240.9073,38,596
240.9490,38,596
240.9908,38,596
241.0325,38,596
241.0742,38,596
241.1159,39,596
241.1576,38,596
241.1993,38,596
241.2410,39,596
241.2827,38,596
241.3244,38,596
241.3661,38,596
241.4078,38,596
241.4495,39,596
241.4912,38,596
241.5330,38,596
241.5747,38,596
241.6164,38,596
241.6581,38,596
241.6998,38,596
241.7415,38,596
241.7832,39,596
241.8249,38,596
241.8666,38,596
241.9083,38,596
241.9500,39,596
241.9918,39,596
242.0335,39,596
242.0752,39,596
242.1169,38,596
242.1586,38,596
242.2003,39,596
242.2420,38,596
242.2837,39,596
242.3254,38,596
242.3671,38,596
242.4088,38,596
242.4505,39,596
242.4922,39,596
242.5340,39,596
242.5757,39,596
242.6174,39,596
242.6591,39,596
242.7008,39,596
242.7425,39,596
242.7842,39,596
242.8259,39,596
242.8676,38,596
242.9093,39,596
242.9510,39,596
242.9927,38,596
243.0345,38,596
243.0762,38,596
243.1179,39,596
243.1596,39,596
243.2013,38,596
243.2430,39,596
243.2847,39,595
243.3264,39,596
243.3681,39,596
243.4098,39,596
243.4515,39,595
243.4933,39,596
243.5350,39,596
243.5767,39,596
243.6184,39,595
243.6601,39,596
243.7018,39,595
243.7435,39,596
243.7852,39,596
243.8269,39,596
243.8686,39,596
243.9103,39,596
243.9520,39,596
243.9937,39,596
244.0355,39,596
244.0772,39,596
244.1189,39,596
244.1606,39,596
244.2023,39,596
244.2440,39,596
244.2857,39,596
244.3274,38,596
244.3691,38,596
244.4108,39,596
244.4525,39,596
244.4943,38,596
244.5360,38,596
244.5777,39,596
244.6194,39,596
244.6611,39,596
244.7028,39,596
244.7445,39,596
244.7862,38,596
244.8279,38,596
244.8696,38,596
244.9113,38,596
244.9530,39,596
244.9947,38,596
245.0365,38,596
245.0782,39,596
245.1199,38,596
245.1616,38,596
245.2033,38,596
245.2450,38,596
245.2867,39,596
245.3284,39,596
245.3701,38,596
245.4118,38,596
245.4535,39,595
245.4952,39,596
245.5370,39,596
245.5787,39,596
245.6204,39,596
245.6621,39,596
245.7038,39,596
245.7455,39,596
245.7872,39,596
245.8289,38,596
245.8706,39,596
245.9123,38,596
245.9540,39,596
245.9958,38,596
246.0375,38,596
246.0792,38,596
246.1209,39,596
246.1626,38,596
246.2043,38,596
246.2460,38,596
246.2877,39,596
246.3294,39,596
246.3711,38,596
246.4128,39,596
246.4545,39,596
246.4962,39,596
246.5380,39,596
246.5797,39,596
246.6214,39,596
246.6631,39,596
246.7048,39,596
246.7465,39,596
246.7882,39,596
246.8299,39,596
246.8716,39,596
246.9133,39,596
246.9550,39,596
246.9968,38,596
247.0385,38,596
247.0802,38,596
247.1219,38,596
247.1636,38,596
247.2053,38,596
247.2470,38,596
247.2887,39,596
247.3304,38,596
247.3721,38,596
247.4138,38,596
247.4555,38,596
247.4972,38,596
247.5390,39,596
247.5807,38,596
247.6224,38,596
247.6641,38,596
247.7058,38,596
247.7475,38,596
247.7892,38,596
247.8309,38,596
247.8726,38,596
247.9143,38,596
247.9560,38,596
247.9978,38,596
248.0395,38,596
248.0812,38,596
248.1229,39,596
248.1646,38,596
248.2063,38,596
248.2480,38,596
248.2897,39,596
248.3314,39,596
248.3731,39,596
248.4148,39,596
248.4565,39,596
248.4982,39,596
248.5400,39,596
248.5817,38,596
248.6234,39,596
248.6651,39,596
248.7068,39,596
248.7485,39,596
248.7902,39,596
248.8319,39,596
248.8736,39,596
248.9153,39,596
248.9570,39,596
248.9987,39,596
249.0405,39,596
249.0822,39,596
249.1239,39,596
249.1656,38,596
249.2073,38,596
249.2490,38,596
249.2907,39,596
249.3324,38,596
249.3741,38,596
249.4158,38,596
249.4575,39,596
249.4993,39,596
249.5410,39,596
249.5827,39,596
249.6244,39,596
249.6661,38,596
249.7078,38,596
249.7495,38,596
249.7912,39,596
249.8329,39,596
249.8746,39,596
249.9163,39,596
249.9580,39,596
249.9997,39,596
250.0415,38,596
250.0832,39,596
250.1249,39,596
250.1666,39,596
250.2083,39,596
250.2500,39,596
250.2917,39,596
250.3334,38,596
250.3751,38,596
250.4168,38,596
250.4585,39,596
250.5003,38,596
250.5420,38,596
250.5837,38,596
250.6254,38,596
250.6671,38,596
250.7088,38,596
250.7505,38,596
250.7922,38,596
250.8339,38,596
250.8756,38,596
250.9173,38,596
250.9590,38,596
251.0007,39,596
251.0425,39,596
251.0842,38,596
251.1259,39,596
251.1676,38,596
251.2093,38,596
251.2510,38,596
251.2927,38,596
251.3344,38,596
251.3761,39,596
251.4178,39,596
251.4595,39,596
251.5012,38,596
251.5430,38,596
251.5847,38,596
251.6264,39,596
251.6681,39,596
251.7098,39,596
251.7515,39,596
251.7932,39,596
251.8349,39,596
251.8766,39,596
251.9183,39,596
251.9600,39,596
252.0018,39,596
252.0435,39,596
252.0852,39,596
252.1269,39,596
252.1686,39,596
252.2103,39,596
252.2520,39,596
252.2937,39,596
252.3354,39,596
252.3771,39,596
252.4188,39,596
252.4605,39,596
252.5022,39,596
252.5440,39,596
252.5857,39,596
252.6274,39,596
252.6691,39,596
252.7108,39,596
252.7525,39,596
252.7942,39,596
252.8359,39,596
252.8776,39,596
252.9193,39,596
252.9610,39,596
253.0028,39,596
253.0445,39,596
253.0862,39,596
253.1279,39,596
253.1696,39,596
253.2113,39,596
253.2530,39,596
253.2947,39,596
253.3364,39,596
253.3781,39,596
253.4198,39,596
253.4615,39,596
253.5032,39,596
253.5450,39,596
253.5867,39,596
253.6284,39,596
253.6701,39,596
253.7118,39,596
253.7535,39,596
253.7952,39,596
253.8369,39,596
253.8786,39,596
253.9203,39,596
253.9620,39,596
254.0037,39,596
254.0455,39,596
254.0872,39,596
254.1289,39,596
254.1706,39,596
254.2123,39,596
254.2540,39,596
254.2957,39,596
254.3374,39,596
254.3791,39,596
254.4208,39,596
254.4625,39,596
254.5042,39,596
254.5460,39,596
254.5877,39,596
254.6294,39,596
254.6711,39,596
254.7128,39,596
254.7545,39,596
254.7962,39,596
254.8379,39,596
254.8796,39,596
254.9213,39,596
254.9630,39,596
255.0047,39,596
255.0465,39,596
255.0882,39,596
255.1299,39,596
255.1716,39,596
255.2133,39,596
255.2550,39,596
255.2967,39,596
255.3384,39,596
255.3801,39,596
255.4218,39,596
255.4635,39,596
255.5053,39,596
255.5470,39,596
255.5887,39,596
255.6304,39,596
255.6721,39,596
255.7138,39,596
255.7555,39,596
255.7972,39,596
255.8389,39,596
255.8806,39,596
255.9223,39,596
255.9640,39,596
256.0058,39,596
256.0475,39,596
256.0892,39,596
256.1309,39,596
256.1726,39,596
256.2143,39,596
256.2560,39,596
256.2977,39,596
256.3394,39,596
256.3811,39,596
256.4228,39,596
256.4645,39,596
256.5062,39,596
256.5480,39,596
256.5897,39,596
256.6314,39,596
256.6731,39,596
256.7148,39,596
256.7565,39,596
256.7982,39,596
256.8399,39,596
256.8816,39,596
256.9233,39,596
256.9650,39,596
257.0067,39,596
257.0485,38,596
257.0902,39,596
257.1319,39,596
257.1736,39,596
257.2153,39,596
257.2570,39,596
257.2987,39,596
257.3404,39,596
257.3821,39,596
257.4238,39,596
257.4655,39,596
257.5073,39,596
257.5490,39,596
257.5907,39,596
257.6324,39,596
257.6741,39,596
257.7158,39,596
257.7575,39,596
257.7992,39,596
257.8409,39,596
257.8826,39,596
257.9243,39,596
257.9660,39,596
258.0078,38,596
258.0495,39,596
258.0912,38,596
258.1329,39,596
258.1746,38,596
258.2163,38,596
258.2580,38,596
258.2997,39,596
258.3414,39,596
258.3831,38,596
258.4248,39,596
258.4665,39,596
258.5083,39,596
258.5500,38,596
258.5917,39,596
258.6334,39,596
258.6751,39,596
258.7168,39,596
258.7585,39,596
258.8002,39,596
258.8419,39,596
258.8836,39,596
258.9253,39,596
258.9670,39,596
259.0087,39,596
259.0505,39,596
259.0922,38,596
259.1339,39,596
259.1756,39,596
259.2173,39,596
259.2590,39,596
259.3007,39,596
259.3424,39,596
259.3841,39,596
259.4258,38,596
259.4675,39,596
259.5093,39,596
259.5510,38,596
259.5927,39,596
259.6344,38,596
259.6761,38,596
259.7178,38,596
259.7595,38,596
259.8012,38,596
259.8429,39,596
259.8846,38,596
259.9263,38,596
259.9680,39,596
260.0098,38,596
260.0515,38,596
260.0932,39,596
260.1349,39,596
260.1766,39,596
260.2183,39,596
260.2600,38,596
260.3017,39,596
260.3434,39,596
260.3851,38,596
260.4268,39,596
260.4685,39,596
260.5103,38,596
260.5520,38,596
260.5937,38,596
260.6354,39,596
260.6771,39,596
260.7188,38,596
260.7605,38,596
260.8022,38,596
260.8439,38,596
260.8856,38,596
260.9273,38,596
260.9690,39,596
261.0108,39,596
261.0525,38,596
261.0942,39,596
261.1359,39,596
261.1776,39,596
261.2193,39,596
261.2610,39,596
261.3027,39,596
261.3444,38,596
261.3861,38,596
261.4278,39,596
261.4695,39,596
261.5112,38,596
261.5530,39,596
261.5947,38,596
261.6364,38,596
261.6781,38,596
261.7198,38,596
261.7615,38,596
261.8032,39,596
261.8449,39,596
261.8866,38,596
261.9283,39,596
261.9700,38,596
262.0118,39,596
262.0535,38,596
262.0952,38,596
262.1369,39,596
262.1786,38,596
262.2203,38,596
262.2620,38,596
262.3037,39,596
262.3454,39,596
262.3871,39,596
262.4288,39,596
262.4705,39,596
262.5123,39,596
262.5540,39,596
262.5957,39,596
262.6374,39,596
262.6791,39,596
262.7208,39,596
262.7625,39,596
262.8042,39,596
262.8459,39,596
262.8876,39,596
262.9293,39,596
262.9710,39,596
263.0128,39,596
263.0545,39,596
263.0962,39,596
263.1379,39,596
263.1796,39,596
263.2213,39,596
263.2630,39,596
263.3047,39,596
263.3464,39,596
263.3881,39,596
263.4298,39,596
263.4715,39,596
263.5132,39,596
263.5550,39,596
263.5967,39,596
263.6384,39,596
263.6801,39,596
263.7218,39,596
263.7635,39,596
263.8052,39,596
263.8469,39,596
263.8886,39,596
263.9303,39,596
263.9720,39,596
264.0137,39,596
264.0555,39,596
264.0972,39,596
264.1389,39,596
264.1806,39,596
264.2223,39,596
264.2640,39,596
264.3057,39,596
264.3474,39,596
264.3891,39,596
264.4308,39,596
264.4725,39,596
264.5143,39,596
264.5560,39,596
264.5977,39,596
264.6394,39,596
264.6811,39,596
264.7228,39,596
264.7645,39,596
264.8062,39,596
264.8479,39,596
264.8896,39,596
264.9313,39,596
264.9730,39,596
265.0148,39,596
265.0565,39,596
265.0982,39,596
265.1399,39,596
265.1816,39,596
265.2233,39,596
265.2650,39,596
265.3067,39,596
265.3484,39,596
265.3901,39,596
265.4318,39,596
265.4735,39,596
265.5153,39,596
265.5570,39,596
265.5987,39,596
265.6404,39,596
265.6821,39,596
265.7238,39,596
265.7655,39,596
265.8072,39,596
265.8489,39,596
265.8906,39,596
265.9323,39,596
265.9740,39,596
266.0157,39,596
266.0575,39,596
266.0992,39,596
266.1409,39,596
266.1826,39,596
266.2243,39,596
266.2660,39,596
266.3077,39,596
266.3494,39,596
266.3911,39,596
266.4328,39,596
266.4745,38,596
266.5162,39,596
266.5580,39,596
266.5997,38,596
266.6414,39,596
266.6831,38,596
266.7248,38,596
266.7665,38,596
266.8082,39,596
266.8499,39,596
266.8916,39,596
266.9333,39,596
266.9750,39,596
267.0168,39,596
267.0585,39,596
267.1002,39,596
267.1419,39,596
267.1836,39,596
267.2253,39,596
267.2670,39,596
267.3087,39,596
267.3504,39,596
267.3921,39,596
267.4338,39,596
267.4755,39,596
267.5173,39,596
267.5590,39,596
267.6007,39,596
267.6424,39,596
267.6841,39,596
267.7258,39,596
267.7675,39,596
267.8092,39,596
267.8509,39,596
267.8926,39,596
267.9343,39,596
267.9760,39,596
268.0178,38,596
268.0595,38,596
268.1012,38,596
268.1429,39,596
268.1846,38,596
268.2263,38,596
268.2680,38,596
268.3097,39,596
268.3514,39,596
268.3931,38,596
268.4348,39,596
268.4765,39,596
268.5182,38,596
268.5600,38,596
268.6017,39,596
268.6434,39,596
268.6851,39,596
268.7268,39,596
268.7685,39,596
268.8102,39,596
268.8519,39,596
268.8936,39,596
268.9353,39,596
268.9770,39,595
269.0187,39,596
269.0605,39,596
269.1022,39,596
269.1439,38,596
269.1856,38,596
269.2273,38,596
269.2690,38,596
269.3107,38,596
269.3524,38,596
269.3941,38,596
269.4358,38,596
269.4775,38,596
269.5193,38,596
269.5610,38,596
269.6027,38,596
269.6444,39,596
269.6861,38,596
269.7278,38,596
269.7695,38,596
269.8112,39,596
269.8529,39,596
269.8946,38,596
269.9363,39,596
269.9780,39,596
270.0198,38,596
270.0615,39,596
270.1032,38,596
270.1449,38,596
270.1866,38,596
270.2283,38,596
270.2700,38,596
270.3117,38,596
270.3534,38,596
270.3951,38,596
270.4368,38,596
270.4785,38,596
270.5203,39,596
270.5620,38,596
270.6037,38,596
270.6454,38,596
270.6871,38,596
270.7288,38,596
270.7705,38,596
270.8122,38,596
270.8539,38,596
270.8956,38,596
270.9373,38,596
270.9790,39,596
271.0207,39,596
271.0625,38,596
271.1042,38,596
271.1459,38,596
271.1876,38,596
271.2293,38,596
271.2710,38,596
271.3127,39,596
271.3544,38,596
271.3961,38,596
271.4378,38,596
271.4795,39,596
271.5213,39,596
271.5630,38,596
271.6047,38,596
271.6464,39,596
271.6881,39,596
271.7298,39,596
271.7715,39,596
271.8132,39,596
271.8549,39,596
271.8966,39,596
271.9383,39,596
271.9800,39,596
272.0218,39,596
272.0635,39,596
272.1052,39,596
272.1469,39,596
272.1886,39,596
272.2303,39,596
272.2720,39,596
272.3137,39,596
272.3554,39,596
272.3971,39,596
272.4388,39,596
272.4805,39,596
272.5223,39,596
272.5640,39,596
272.6057,39,596
272.6474,39,596
272.6891,39,596
272.7308,39,596
272.7725,39,596
272.8142,39,596
272.8559,39,596
272.8976,39,596
272.9393,39,596
272.9810,39,596
273.0228,39,596
273.0645,39,596
273.1062,39,596
273.1479,38,596
273.1896,38,596
273.2313,39,596
273.2730,38,596
273.3147,39,596
273.3564,38,596
273.3981,39,596
273.4398,39,596
273.4815,39,596
273.5232,39,596
273.5650,39,596
273.6067,39,596
273.6484,39,596
273.6901,39,596
273.7318,39,596
273.7735,39,596
273.8152,39,596
273.8569,39,596
273.8986,39,596
273.9403,39,596
273.9820,39,596
274.0238,39,596
274.0655,39,596
274.1072,39,596
274.1489,39,596
274.1906,39,596
274.2323,39,596
274.2740,39,596
274.3157,39,596
274.3574,39,596
274.3991,39,596
274.4408,39,596
274.4825,39,596
274.5243,39,596
274.5660,39,596
274.6077,39,596
274.6494,39,596
274.6911,39,596
274.7328,39,596
274.7745,39,596
274.8162,39,596
274.8579,39,596
274.8996,39,596
274.9413,39,596
274.9830,39,596
275.0248,39,596
275.0665,39,596
275.1082,39,596
275.1499,39,596
275.1916,39,596
275.2333,39,596
275.2750,39,596
275.3167,39,596
275.3584,39,596
275.4001,39,596
275.4418,39,596
275.4835,39,596
275.5252,39,596
275.5670,39,596
275.6087,39,596
275.6504,39,596
275.6921,39,596
275.7338,39,596
275.7755,39,596
275.8172,39,596
275.8589,39,596
275.9006,39,596
275.9423,39,596
275.9840,39,596
276.0257,39,596
276.0675,39,596
276.1092,39,596
276.1509,39,596
276.1926,39,596
276.2343,39,596
276.2760,39,596
276.3177,39,596
276.3594,39,596
276.4011,39,596
276.4428,39,596
276.4845,39,596
276.5263,39,596
276.5680,39,596
276.6097,39,596
276.6514,39,596
276.6931,39,596
276.7348,39,596
276.7765,39,596
276.8182,39,596
276.8599,39,596
276.9016,39,596
276.9433,39,596
276.9850,39,596
277.0268,39,596
277.0685,39,596
277.1102,39,596
277.1519,39,596
277.1936,39,596
277.2353,39,596
277.2770,39,596
277.3187,39,596
277.3604,39,596
277.4021,39,596
277.4438,39,596
277.4855,39,596
277.5273,39,596
277.5690,39,596
277.6107,39,596
277.6524,39,596
277.6941,39,596
277.7358,38,596
277.7775,39,596
277.8192,39,596
277.8609,39,596
277.9026,39,596
277.9443,39,596
277.9860,39,596
278.0277,39,596
278.0695,39,596
278.1112,39,596
278.1529,39,596
278.1946,39,596
278.2363,39,596
278.2780,39,596
278.3197,39,596
278.3614,39,596
278.4031,39,596
278.4448,39,596
278.4865,39,596
278.5282,39,596
278.5700,39,596
278.6117,39,596
278.6534,39,596
278.6951,39,596
278.7368,39,596
278.7785,39,596
278.8202,39,596
278.8619,39,596
278.9036,39,596
278.9453,39,596
278.9870,39,596
279.0288,39,596
279.0705,39,596
279.1122,39,596
279.1539,39,596
279.1956,39,596
279.2373,39,596
279.2790,39,596
279.3207,39,596
279.3624,39,596
279.4041,39,596
279.4458,39,596
279.4875,39,596
279.5293,39,596
279.5710,39,596
279.6127,39,596
279.6544,39,596
279.6961,39,596
279.7378,39,596
279.7795,39,596
279.8212,36,597
279.8629,39,596
279.9046,39,596
279.9463,36,597
279.9880,39,596
280.0298,39,596
280.0715,39,596
280.1132,39,596
280.1549,39,596
280.1966,39,596
280.2383,39,596
280.2800,39,596
280.3217,39,596
280.3634,39,596
280.4051,39,596
280.4468,39,596
280.4885,39,596
280.5302,39,596
280.5720,39,596
280.6137,39,596
280.6554,39,596
280.6971,39,596
280.7388,39,596
280.7805,39,596
280.8222,39,596
280.8639,39,596
280.9056,39,596
280.9473,39,596
280.9890,39,596
281.0307,39,596
281.0725,39,596
281.1142,39,596
281.1559,39,596
281.1976,39,596
281.2393,39,596
281.2810,39,596
281.3227,39,596
281.3644,39,596
281.4061,39,596
281.4478,39,596
281.4895,39,596
281.5313,39,596
281.5730,39,596
281.6147,38,596
281.6564,39,596
281.6981,39,596
281.7398,39,596
281.7815,39,596
281.8232,39,596
281.8649,39,596
281.9066,39,596
281.9483,39,596
281.9900,39,596
282.0318,39,596
282.0735,39,596
282.1152,39,596
282.1569,39,596
282.1986,39,596
282.2403,39,596
282.2820,39,596
282.3237,39,596
282.3654,39,596
282.4071,39,596
282.4488,39,596
282.4905,39,596
282.5323,39,596
282.5740,39,596
282.6157,39,596
282.6574,39,596
282.6991,39,596
282.7408,39,596
282.7825,39,596
282.8242,39,596
282.8659,39,596
282.9076,39,596
282.9493,39,596
282.9910,39,596
283.0327,39,596
283.0745,39,596
283.1162,39,596
283.1579,36,597
283.1996,39,596
283.2413,39,596
283.2830,39,596
283.3247,38,596
283.3664,38,596
283.4081,36,598
283.4498,38,596
283.4915,39,596
283.5332,39,596
283.5750,38,596
283.6167,39,596
283.6584,39,596
283.7001,39,596
283.7418,39,596
283.7835,39,596
283.8252,39,596
283.8669,39,596
283.9086,39,596
283.9503,39,596
283.9920,39,596
284.0338,38,596
284.0755,39,596
284.1172,39,596
284.1589,39,596
284.2006,39,596
284.2423,39,596
284.2840,39,596
284.3257,39,596
284.3674,39,596
284.4091,39,596
284.4508,39,596
284.4925,39,596
284.5343,39,596
284.5760,39,596
284.6177,39,596
284.6594,39,596
284.7011,39,596
284.7428,39,596
284.7845,39,596
284.8262,39,596
284.8679,39,596
284.9096,39,596
284.9513,38,596
284.9930,39,596
285.0348,39,596
285.0765,39,596
285.1182,39,596
285.1599,39,596
285.2016,39,596
285.2433,38,596
285.2850,38,596
285.3267,38,596
285.3684,38,596
285.4101,38,596
285.4518,38,596
285.4935,39,596
285.5352,38,596
285.5770,38,596
285.6187,38,596
285.6604,39,596
285.7021,39,596
285.7438,39,596
285.7855,39,596
285.8272,39,596
285.8689,39,596
285.9106,39,596
285.9523,39,596
285.9940,39,596
286.0358,39,596
286.0775,39,596
286.1192,39,596
286.1609,38,596
286.2026,39,596
286.2443,39,596
286.2860,38,596
286.3277,39,596
286.3694,38,596
286.4111,38,596
286.4528,38,596
286.4945,38,596
286.5363,38,596
286.5780,39,596
286.6197,38,596
286.6614,39,596
286.7031,38,596
286.7448,38,596
286.7865,38,596
286.8282,39,596
286.8699,39,596
286.9116,39,596
286.9533,39,596
286.9950,39,596
287.0368,39,596
287.0785,39,596
287.1202,39,596
287.1619,39,596
287.2036,39,596
287.2453,39,596
287.2870,39,596
287.3287,39,596
287.3704,39,596
287.4121,39,596
287.4538,39,596
287.4955,39,596
287.5373,39,596
287.5790,39,596
287.6207,39,596
287.6624,39,596
287.7041,39,596
287.7458,39,596
287.7875,39,596
287.8292,38,596
287.8709,39,596
287.9126,39,596
287.9543,38,596
287.9960,39,596
288.0377,38,596
288.0795,38,596
288.1212,38,596
288.1629,39,596
288.2046,38,596
288.2463,38,596
288.2880,38,596
288.3297,38,596
288.3714,38,596
288.4131,38,596
288.4548,38,596
288.4965,38,596
288.5383,38,596
288.5800,38,596
288.6217,38,596
288.6634,38,596
288.7051,38,596
288.7468,38,596
288.7885,38,596
288.8302,39,596
288.8719,38,596
288.9136,38,596
288.9553,38,596
288.9970,38,596
289.0388,38,596
289.0805,38,596
289.1222,38,596
289.1639,38,596
289.2056,38,596
289.2473,38,596
289.2890,38,596
289.3307,39,596
289.3724,38,596
289.4141,38,596
289.4558,38,596
289.4975,39,596
289.5393,39,596
289.5810,39,596
289.6227,39,596
289.6644,38,596
289.7061,38,596
289.7478,38,596
289.7895,38,596
289.8312,38,596
289.8729,38,596
289.9146,38,596
289.9563,38,596
289.9980,38,596
290.0397,38,596
290.0815,38,596
290.1232,38,596
290.1649,38,595
290.2066,38,595
290.2483,38,596
290.2900,38,595
290.3317,38,595
290.3734,38,595
290.4151,38,595
290.4568,38,595
290.4985,38,594
290.5402,38,594
290.5820,38,594
290.6237,38,594
290.6654,38,594
290.7071,38,594
290.7488,38,594
290.7905,38,594
290.8322,38,595
290.8739,38,595
290.9156,38,594
290.9573,38,595
290.9990,38,595
291.0408,38,595
291.0825,38,595
291.1242,38,595
291.1659,38,595
291.2076,38,595
291.2493,38,595
291.2910,38,595
291.3327,39,594
291.3744,38,595
291.4161,38,595
291.4578,38,594
291.4995,39,593
291.5413,39,594
291.5830,39,594
291.6247,39,594
291.6664,39,592
291.7081,39,593
291.7498,39,593
291.7915,39,592
291.8332,39,591
291.8749,39,591
291.9166,39,592
291.9583,39,591
292.0000,39,590
292.0418,39,591
292.0835,39,591
292.1252,39,591
292.1669,39,590
292.2086,39,590
292.2503,39,590
292.2920,39,590
292.3337,39,590
292.3754,39,590
292.4171,39,590
292.4588,39,590
292.5005,39,589
292.5422,39,590
292.5840,39,590
292.6257,39,589
292.6674,39,589
292.7091,39,589
292.7508,39,589
292.7925,39,589
292.8342,39,589
292.8759,39,589
292.9176,39,589
292.9593,39,589
293.0010,39,589
293.0427,39,589
293.0845,39,589
293.1262,39,589
293.1679,39,589
293.2096,39,589
293.2513,39,589
293.2930,39,589
293.3347,39,589
293.3764,39,589
293.4181,39,589
293.4598,39,589
293.5015,39,589
293.5433,39,589
293.5850,39,589
293.6267,39,589
293.6684,39,588
293.7101,39,589
293.7518,39,589
293.7935,39,588
293.8352,39,589
293.8769,39,588
293.9186,39,588
293.9603,39,589
294.0020,39,589
294.0438,39,589
294.0855,39,589
294.1272,39,589
294.1689,39,589
294.2106,39,589
294.2523,39,589
294.2940,39,589
294.3357,39,588
294.3774,39,589
294.4191,39,589
294.4608,39,588
294.5025,39,586
294.5443,39,586
294.5860,39,588
294.6277,39,586
294.6694,39,587
294.7111,39,586
294.7528,39,586
294.7945,39,586
294.8362,39,585
294.8779,39,585
294.9196,39,587
294.9613,39,585
295.0030,39,584
295.0447,39,584
295.0865,39,584
295.1282,39,584
295.1699,39,581
295.2116,39,583
295.2533,39,583
295.2950,39,582
295.3367,302,7
295.3784,301,7
295.4201,39,581
295.4618,302,7
295.5035,302,7
295.5452,301,7
295.5870,302,7
295.6287,301,7
295.6704,302,7
295.7121,302,7
295.7538,302,7
295.7955,302,7
295.8372,301,7
295.8789,301,7
295.9206,301,7
295.9623,302,7
296.0040,302,7
296.0458,301,7
296.0875,302,7
296.1292,301,7
296.1709,302,7
296.2126,301,7
296.2543,302,7
296.2960,301,7
296.3377,301,7
296.3794,301,7
296.4211,301,7
296.4628,301,7
296.5045,301,7
296.5463,301,7
296.5880,301,7
296.6297,301,7
296.6714,301,7
296.7131,301,7
296.7548,301,7
296.7965,301,7
296.8382,301,7
296.8799,301,7
296.9216,301,7
296.9633,301,7
297.0050,301,7
297.0468,301,7
297.0885,301,7
297.1302,301,7
297.1719,301,7
297.2136,301,7
297.2553,301,7
297.2970,301,7
297.3387,301,7
297.3804,301,7
297.4221,301,7
297.4638,301,7
297.5055,301,7
297.5472,301,7
297.5890,301,7
297.6307,301,7
297.6724,301,7
297.7141,301,7
297.7558,301,7
297.7975,301,7
297.8392,301,7
297.8809,301,7
297.9226,301,7
297.9643,301,7
298.0060,301,7
298.0477,301,7
298.0895,301,7
298.1312,301,7
298.1729,301,7
298.2146,301,7
298.2563,301,7
298.2980,301,7
298.3397,301,7
298.3814,301,7
298.4231,301,7
298.4648,301,7
298.5065,301,7
298.5483,301,7
298.5900,301,7
298.6317,301,7
298.6734,301,7
298.7151,301,7
298.7568,301,7
298.7985,301,7
298.8402,301,7
298.8819,301,7
298.9236,301,7
298.9653,301,7
299.0070,37,588
299.0488,301,7
299.0905,301,7
299.1322,301,7
299.1739,37,589
299.2156,36,589
299.2573,36,589
299.2990,36,589
299.3407,37,590
299.3824,37,590
299.4241,37,589
299.4658,37,590
299.5075,37,590
299.5493,37,590
299.5910,37,590
299.6327,37,590
299.6744,37,591
299.7161,37,591
299.7578,37,590
299.7995,37,591
299.8412,36,592
299.8829,37,592
299.9246,37,591
299.9663,36,592
300.0080,37,592
300.0497,37,592
300.0915,36,592
300.1332,37,592
300.1749,37,592
300.2166,37,592
300.2583,37,592
300.3000,37,592
300.3417,36,594
300.3834,36,593
300.4251,36,593
300.4668,36,594
300.5085,36,596
300.5503,36,595
300.5920,36,595
300.6337,36,596
300.6754,36,596
300.7171,36,596
300.7588,36,596
300.8005,36,596
300.8422,37,597
300.8839,36,597
300.9256,36,597
300.9673,36,597
301.0090,36,597
301.0508,36,597
301.0925,36,597
301.1342,36,597
301.1759,36,597
301.2176,36,597
301.2593,36,597
301.3010,36,597
301.3427,36,599
301.3844,36,597
301.4261,36,597
301.4678,36,597
301.5095,36,599
301.5513,36,599
301.5930,36,599
301.6347,36,599
301.6764,36,600
301.7181,36,600
301.7598,36,600
301.8015,36,600
301.8432,36,600
301.8849,36,600
301.9266,36,600
301.9683,36,600
302.0100,37,601
302.0517,36,601
302.0935,36,601
302.1352,36,601
302.1769,36,603
302.2186,36,602
302.2603,37,602
302.3020,36,602
302.3437,37,604
302.3854,36,603
302.4271,36,603
302.4688,37,604
302.5105,37,605
302.5522,37,604
302.5940,37,604
302.6357,37,605
302.6774,37,605
302.7191,37,605
302.7608,37,605
302.8025,38,605
302.8442,38,606
302.8859,38,605
302.9276,38,605
302.9693,38,605
303.0110,39,607
303.0528,38,606
303.0945,38,606
303.1362,39,606
303.1779,39,607
303.2196,39,607
303.2613,39,607
303.3030,39,607
303.3447,40,607
303.3864,40,607
303.4281,40,607
303.4698,40,607
303.5115,40,607
303.5533,40,607
303.5950,40,607
303.6367,40,607
303.6784,40,608
303.7201,40,608
303.7618,40,608
303.8035,40,608
303.8452,41,608
303.8869,41,608
303.9286,41,608
303.9703,41,608
304.0120,40,611
304.0538,40,610
304.0955,41,609
304.1372,40,611
304.1789,41,610
304.2206,41,611
304.2623,41,611
304.3040,41,611
304.3457,42,609
304.3874,42,610
304.4291,42,610
304.4708,42,609
304.5125,42,609
304.5542,42,609
304.5960,42,609
304.6377,42,609
304.6794,43,609
304.7211,43,609
304.7628,42,609
304.8045,43,609
304.8462,42,610
304.8879,42,610
304.9296,42,610
304.9713,42,610
305.0130,42,610
305.0547,42,610
305.0965,42,610
305.1382,42,610
305.1799,42,610
305.2216,42,610
305.2633,42,610
305.3050,42,610
305.3467,42,610
305.3884,42,610
305.4301,42,610
305.4718,42,610
305.5135,42,611
305.5553,42,610
305.5970,42,610
305.6387,42,611
305.6804,42,611
305.7221,42,611
305.7638,42,611
305.8055,42,611
305.8472,41,611
305.8889,42,611
305.9306,42,611
305.9723,42,611
306.0140,41,611
306.0558,41,611
306.0975,41,611
306.1392,41,612
306.1809,42,612
306.2226,43,612
306.2643,42,612
306.3060,43,613
306.3477,43,613
306.3894,43,613
306.4311,42,613
306.4728,43,613
306.5145,43,613
306.5563,43,613
306.5980,43,613
306.6397,43,613
306.6814,43,614
306.7231,43,614
306.7648,43,614
306.8065,43,614
306.8482,43,614
306.8899,43,614
306.9316,43,614
306.9733,43,614
307.0150,44,615
307.0567,44,614
307.0985,43,614
307.1402,44,615
307.1819,43,615
307.2236,43,615
307.2653,43,615
307.3070,43,615
307.3487,44,618
307.3904,43,616
307.4321,43,615
307.4738,43,617
307.5155,44,617
307.5572,44,617
307.5990,44,618
307.6407,44,617
307.6824,43,617
307.7241,43,617
307.7658,43,617
307.8075,43,617
307.8492,44,618
307.8909,43,618
307.9326,43,617
307.9743,43,618
308.0160,45,620
308.0578,44,619
308.0995,44,618
308.1412,45,619
308.1829,45,620
308.2246,45,620
308.2663,45,620
308.3080,45,620
308.3497,46,620
308.3914,46,620
308.4331,45,620
308.4748,46,620
308.5165,48,621
308.5583,48,621
308.6000,47,621
308.6417,48,621
308.6834,48,621
308.7251,48,621
308.7668,48,621
308.8085,48,621
308.8502,48,621
308.8919,48,621
308.9336,48,621
308.9753,48,621
309.0170,48,621
309.0588,48,621
309.1005,48,621
309.1422,48,621
309.1839,48,621
309.2256,48,621
309.2673,48,621
309.3090,48,621
309.3507,49,621
309.3924,49,621
309.4341,48,621
309.4758,49,621
309.5175,49,621
309.5592,49,621
309.6010,49,621
309.6427,49,621
309.6844,49,622
309.7261,49,622
309.7678,49,622
309.8095,49,622
309.8512,50,622
309.8929,50,622
309.9346,50,622
309.9763,50,622
310.0180,50,622
310.0597,50,622
310.1015,50,622
310.1432,50,622
310.1849,50,622
310.2266,50,622
310.2683,50,622
310.3100,50,622
310.3517,51,622
310.3934,51,622
310.4351,50,622
310.4768,51,622
310.5185,51,622
310.5603,51,622
310.6020,51,622
310.6437,51,622
310.6854,51,622
310.7271,51,622
310.7688,51,622
310.8105,51,622
310.8522,50,622
310.8939,51,622
310.9356,51,622
310.9773,50,622
311.0190,50,622
311.0608,50,622
311.1025,50,622
311.1442,50,622
311.1859,49,623
311.2276,50,623
311.2693,50,623
311.3110,49,623
311.3527,48,623
311.3944,48,623
311.4361,48,623
311.4778,48,623
311.5195,47,621
311.5613,48,622
311.6030,48,623
311.6447,47,622
311.6864,47,621
311.7281,47,621
311.7698,47,621
311.8115,47,621
311.8532,48,621
311.8949,47,621
311.9366,47,621
311.9783,48,621
312.0200,49,621
312.0617,48,621
312.1035,48,621
312.1452,49,621
312.1869,50,621
312.2286,49,621
312.2703,49,621
312.3120,49,621
312.3537,50,621
312.3954,50,621
312.4371,50,621
312.4788,50,621
312.5205,51,621
312.5623,50,621
312.6040,50,621
312.6457,51,621
312.6874,51,621
312.7291,51,621
312.7708,51,621
312.8125,52,621
312.8542,52,622
312.8959,52,622
312.9376,52,622
312.9793,52,622
313.0210,52,623
313.0628,52,622
313.1045,52,622
313.1462,52,623
313.1879,53,623
313.2296,53,623
313.2713,52,623
313.3130,53,623
313.3547,53,623
313.3964,53,623
313.4381,53,623
313.4798,53,623
313.5215,54,623
313.5633,53,623
313.6050,53,623
313.6467,53,623
313.6884,54,624
313.7301,54,623
313.7718,54,623
313.8135,54,624
313.8552,55,624
313.8969,55,624
313.9386,55,624
313.9803,55,624
314.0220,56,625
314.0637,55,624
314.1055,55,624
314.1472,55,625
314.1889,56,625
314.2306,56,625
314.2723,56,625
314.3140,56,625
314.3557,57,626
314.3974,57,625
314.4391,56,625
314.4808,57,626
314.5225,58,627
314.5642,57,626
314.6060,57,626
314.6477,57,627
314.6894,59,628
314.7311,59,627
314.7728,58,627
314.8145,59,627
314.8562,60,629
314.8979,60,628
314.9396,60,628
314.9813,60,629
315.0230,61,629
315.0648,60,629
315.1065,60,629
315.1482,61,629
315.1899,61,629
315.2316,61,629
315.2733,61,629
315.3150,61,629
315.3567,61,630
315.3984,61,629
315.4401,61,629
315.4818,61,630
315.5235,61,631
315.5653,61,630
315.6070,61,630
315.6487,61,631
315.6904,60,632
315.7321,61,631
315.7738,61,631
315.8155,60,631
315.8572,59,633
315.8989,59,633
315.9406,60,632
315.9823,59,633
316.0240,59,634
316.0658,59,634
316.1075,59,634
316.1492,59,634
316.1909,60,636
316.2326,59,635
316.2743,59,635
316.3160,59,635
316.3577,60,637
316.3994,60,636
316.4411,60,636
316.4828,60,637
316.5245,60,638
316.5662,60,637
316.6080,60,637
316.6497,60,638
316.6914,60,639
316.7331,60,638
316.7748,60,638
316.8165,60,638
316.8582,60,640
316.8999,60,640
316.9416,61,640
316.9833,60,640
317.0250,61,642
317.0667,60,641
317.1085,60,640
317.1502,60,641
317.1919,62,644
317.2336,61,643
317.2753,61,642
317.3170,61,643
317.3587,62,645
317.4004,63,645
317.4421,63,645
317.4838,62,645
317.5255,61,645
317.5673,62,645
317.6090,62,645
317.6507,61,645
317.6924,60,646
317.7341,61,646
317.7758,61,646
317.8175,60,646
317.8592,60,647
317.9009,59,646
317.9426,59,646
317.9843,59,647
318.0260,59,648
318.0678,59,648
318.1095,60,648
318.1512,59,648
318.1929,60,650
318.2346,60,649
318.2763,59,649
318.3180,60,649
318.3597,60,651
318.4014,60,650
318.4431,60,650
318.4848,60,651
318.5265,60,651
318.5683,60,651
318.6100,60,651
318.6517,60,651
318.6934,60,653
318.7351,59,652
318.7768,59,652
318.8185,60,653
318.8602,61,654
318.9019,61,654
318.9436,60,653
318.9853,61,654
319.0270,61,654
319.0687,61,654
319.1105,61,654
319.1522,61,654
319.1939,61,654
319.2356,61,654
319.2773,61,654
319.3190,61,654
319.3607,61,654
319.4024,61,654
319.4441,61,654
319.4858,61,654
319.5275,61,654
319.5692,61,654
319.6110,61,655
319.6527,61,654
319.6944,61,655
319.7361,61,654
319.7778,61,654
319.8195,61,655
319.8612,61,655
319.9029,61,655
319.9446,61,655
319.9863,61,655
320.0280,62,655
320.0698,62,655
320.1115,61,655
320.1532,62,655
320.1949,63,656
320.2366,62,655
320.2783,62,655
320.3200,63,656
320.3617,66,657
320.4034,64,656
320.4451,64,656
320.4868,65,657
320.5285,65,657
320.5703,65,657
320.6120,66,657
320.6537,65,657
320.6954,65,657
320.7371,66,657
320.7788,65,657
320.8205,65,657
320.8622,66,658
320.9039,66,657
320.9456,66,657
320.9873,65,658
321.0290,66,659
321.0708,66,659
321.1125,65,658
321.1542,66,659
321.1959,66,660
321.2376,66,660
321.2793,66,659
321.3210,66,660
321.3627,66,661
321.4044,66,661
321.4461,66,661
321.4878,66,661
321.5295,65,661
321.5712,65,661
321.6130,66,661
321.6547,65,661
321.6964,65,661
321.7381,65,661
321.7798,65,661
321.8215,65,662
321.8632,65,662
321.9049,65,662
321.9466,65,661
321.9883,65,662
322.0300,66,662
322.0717,65,662
322.1135,65,662
322.1552,66,662
322.1969,67,663
322.2386,66,662
322.2803,66,662
322.3220,66,662
322.3637,68,663
322.4054,68,663
322.4471,67,663
322.4888,68,663
322.5305,70,664
322.5723,69,663
322.6140,69,663
322.6557,70,663
322.6974,73,664
322.7391,71,664
322.7808,72,664
322.8225,73,664
322.8642,74,664
322.9059,73,664
322.9476,74,664
322.9893,74,664
323.0310,74,664
323.0728,74,664
323.1145,74,664
323.1562,74,664
323.1979,73,664
323.2396,73,664
323.2813,73,664
323.3230,73,664
323.3647,74,664
323.4064,73,664
323.4481,73,664
323.4898,74,664
323.5315,75,665
323.5733,74,665
323.6150,74,665
323.6567,74,665
323.6984,76,665
323.7401,75,665
323.7818,75,665
323.8235,76,665
323.8652,75,664
323.9069,76,665
323.9486,76,665
323.9903,75,665
324.0320,76,665
324.0737,75,665
324.1155,75,665
324.1572,76,665
324.1989,77,665
324.2406,76,665
324.2823,76,665
324.3240,76,665
324.3657,77,665
324.4074,76,664
324.4491,77,665
324.4908,77,665
324.5325,79,665
324.5742,78,665
324.6160,77,665
324.6577,78,665
324.6994,83,666
324.7411,82,666
324.7828,81,666
324.8245,83,666
324.8662,84,666
324.9079,83,666
324.9496,83,666
324.9913,84,666
325.0330,86,666
325.0748,86,666
325.1165,85,666
325.1582,86,666
325.1999,89,667
325.2416,88,666
325.2833,87,666
325.3250,88,666
325.3667,90,667
325.4084,89,667
325.4501,89,667
325.4918,90,667
325.5335,91,667
325.5753,90,667
325.6170,90,667
325.6587,90,667
325.7004,91,667
325.7421,91,667
325.7838,91,667
325.8255,91,667
325.8672,91,667
325.9089,91,667
325.9506,91,667
325.9923,91,667
326.0340,91,667
326.0757,91,667
326.1175,91,667
326.1592,91,667
326.2009,92,667
326.2426,92,667
326.2843,92,667
326.3260,92,667
326.3677,94,667
326.4094,93,667
326.4511,93,667
326.4928,93,667
326.5345,95,668
326.5762,95,667
326.6180,94,667
326.6597,95,668
326.7014,96,667
326.7431,96,668
326.7848,95,668
326.8265,95,667
326.8682,96,668
326.9099,96,668
326.9516,96,667
326.9933,96,668
327.0350,97,668
327.0768,96,667
327.1185,96,667
327.1602,96,667
327.2019,97,668
327.2436,97,668
327.2853,97,668
327.3270,97,668
327.3687,98,668
327.4104,98,668
327.4521,98,668
327.4938,98,668
327.5355,98,668
327.5773,98,668
327.6190,98,668
327.6607,98,668
327.7024,98,668
327.7441,98,668
327.7858,98,668
327.8275,98,668
327.8692,97,668
327.9109,98,668
327.9526,98,668
327.9943,98,668
328.0360,97,668
328.0778,97,668
328.1195,97,668
328.1612,97,668
328.2029,98,668
328.2446,97,668
328.2863,97,668
328.3280,97,668
328.3697,97,667
328.4114,97,667
328.4531,98,668
328.4948,98,667
328.5365,97,668
328.5782,97,667
328.6200,97,667
328.6617,97,668
328.7034,97,668
328.7451,97,668
328.7868,97,668
328.8285,97,668
328.8702,98,668
328.9119,97,668
328.9536,97,668
328.9953,98,668
329.0370,97,668
329.0787,98,668
329.1205,98,668
329.1622,97,668
329.2039,97,668
329.2456,97,668
329.2873,97,668
329.3290,97,668
329.3707,97,668
329.4124,97,668
329.4541,97,668
329.4958,97,668
329.5375,97,668
329.5793,97,668
329.6210,97,668
329.6627,97,668
329.7044,97,668
329.7461,97,668
329.7878,97,668
329.8295,97,668
329.8712,97,668
329.9129,97,668
329.9546,97,668
329.9963,97,668
330.0380,97,668
330.0798,97,668
330.1215,97,668
330.1632,97,668
330.2049,98,667
330.2466,97,668
330.2883,97,668
330.3300,97,668
330.3717,97,667
330.4134,97,667
330.4551,97,668
330.4968,97,667
330.5385,97,667
330.5803,97,667
330.6220,97,667
330.6637,97,667
330.7054,97,667
330.7471,97,667
330.7888,97,667
330.8305,97,667
330.8722,98,667
330.9139,98,667
330.9556,98,667
330.9973,98,667
331.0390,97,667
331.0807,98,667
331.1225,97,667
331.1642,97,667
331.2059,98,667
331.2476,98,667
331.2893,97,667
331.3310,98,667
331.3727,97,667
331.4144,98,667
331.4561,98,667
331.4978,97,667
331.5395,97,667
331.5812,97,667
331.6230,97,667
331.6647,97,667
331.7064,97,667
331.7481,97,667
331.7898,97,667
331.8315,97,667
331.8732,97,667
331.9149,97,667
331.9566,97,667
331.9983,97,667
332.0400,97,667
332.0818,97,667
332.1235,97,667
332.1652,97,667
332.2069,98,667
332.2486,97,667
332.2903,97,667
332.3320,97,667
332.3737,97,667
332.4154,97,667
332.4571,98,667
332.4988,97,667
332.5405,97,667
332.5823,98,667
332.6240,97,667
332.6657,97,667
332.7074,97,667
332.7491,97,667
332.7908,97,667
332.8325,97,667
332.8742,97,667
332.9159,97,667
332.9576,97,667
332.9993,97,667
333.0410,97,667
333.0828,97,667
333.1245,97,667
333.1662,97,667
333.2079,97,667
333.2496,97,667
333.2913,97,667
333.3330,97,667
333.3747,97,667
333.4164,97,667
333.4581,97,667
333.4998,97,667
333.5415,97,667
333.5832,97,667
333.6250,97,667
333.6667,97,667
333.7084,97,667
333.7501,97,667
333.7918,97,667
333.8335,97,667
333.8752,97,667
333.9169,97,667
333.9586,97,667
334.0003,97,667
334.0420,97,667
334.0837,97,667
334.1255,97,667
334.1672,97,667
334.2089,97,667
334.2506,97,667
334.2923,97,667
334.3340,97,667
334.3757,97,667
334.4174,97,667
334.4591,97,667
334.5008,97,667
334.5425,97,667
334.5843,97,667
334.6260,97,667
334.6677,97,667
334.7094,97,667
334.7511,97,667
334.7928,97,667
334.8345,97,667
334.8762,97,667
334.9179,97,667
334.9596,97,667
335.0013,97,667
335.0430,97,667
335.0848,97,667
335.1265,97,667
335.1682,97,667
335.2099,98,667
335.2516,97,667
335.2933,97,667
335.3350,98,667
335.3767,97,667
335.4184,98,667
335.4601,98,667
335.5018,98,667
335.5435,98,667
335.5853,97,667
335.6270,97,667
335.6687,98,667
335.7104,97,667
335.7521,98,667
335.7938,97,667
335.8355,98,667
335.8772,97,667
335.9189,98,667
335.9606,98,667
336.0023,98,667
336.0440,97,667
336.0857,98,667
336.1275,98,667
336.1692,98,667
336.2109,98,667
336.2526,98,667
336.2943,98,667
336.3360,98,667
336.3777,97,667
336.4194,98,667
336.4611,98,667
336.5028,98,667
336.5445,97,667
336.5862,98,667
336.6280,97,667
336.6697,98,667
336.7114,97,667
336.7531,98,667
336.7948,98,667
336.8365,97,667
336.8782,97,667
336.9199,97,667
336.9616,97,667
337.0033,97,667
337.0450,97,667
337.0868,97,667
337.1285,97,667
337.1702,98,667
337.2119,97,667
337.2536,97,667
337.2953,97,667
337.3370,98,667
337.3787,97,667
337.4204,97,667
337.4621,97,667
337.5038,97,667
337.5455,97,667
337.5873,97,667
337.6290,97,667
337.6707,97,667
337.7124,97,667
337.7541,97,667
337.7958,97,667
337.8375,98,667
337.8792,97,667
337.9209,98,667
337.9626,98,667
338.0043,98,667
338.0460,97,667
338.0877,97,667
338.1295,97,667
338.1712,97,667
338.2129,97,667
338.2546,97,667
338.2963,97,667
338.3380,97,667
338.3797,97,667
338.4214,97,667
338.4631,97,667
338.5048,97,667
338.5465,97,667
338.5882,97,667
338.6300,97,667
338.6717,97,667
338.7134,97,667
338.7551,97,667
338.7968,97,667
338.8385,98,667
338.8802,98,667
338.9219,97,667
338.9636,98,667
339.0053,97,667
339.0470,97,667
339.0887,97,667
339.1305,98,667
339.1722,98,667
339.2139,98,667
339.2556,98,667
339.2973,98,667
339.3390,98,667
339.3807,98,667
339.4224,98,667
339.4641,98,667
339.5058,98,667
339.5475,97,666
339.5893,98,666
339.6310,98,666
339.6727,97,666
339.7144,97,666
339.7561,97,666
339.7978,97,666
339.8395,97,666
339.8812,97,666
339.9229,97,666
339.9646,97,666
340.0063,97,666
340.0480,96,666
340.0898,97,666
340.1315,97,666
340.1732,97,666
340.2149,96,666
340.2566,96,666
340.2983,96,666
340.3400,96,666
340.3817,95,666
340.4234,96,666
340.4651,96,666
340.5068,95,666
340.5485,94,665
340.5902,95,665
340.6320,95,666
340.6737,94,665
340.7154,93,665
340.7571,94,665
340.7988,94,665
340.8405,94,665
340.8822,93,665
340.9239,93,665
340.9656,93,665
341.0073,93,665
341.0490,92,665
341.0907,92,665
341.1325,93,665
341.1742,92,665
341.2159,91,664
341.2576,91,665
341.2993,92,665
341.3410,91,664
341.3827,90,664
341.4244,91,665
341.4661,91,664
341.5078,90,665
341.5495,90,665
341.5913,90,665
341.6330,90,665
341.6747,90,665
341.7164,89,665
341.7581,89,664
341.7998,90,665
341.8415,90,665
341.8832,89,665
341.9249,89,665
341.9666,89,665
342.0083,89,665
342.0500,87,664
342.0918,88,665
342.1335,88,665
342.1752,88,664
342.2169,87,664
342.2586,87,664
342.3003,87,664
342.3420,87,664
342.3837,87,664
342.4254,87,664
342.4671,87,664
342.5088,87,664
342.5505,87,664
342.5923,87,664
342.6340,87,664
342.6757,87,664
342.7174,86,664
342.7591,87,664
342.8008,87,664
342.8425,86,663
342.8842,85,663
342.9259,86,663
342.9676,86,663
343.0093,85,663
343.0510,85,663
343.0927,85,663
343.1345,85,663
343.1762,85,663
343.2179,84,662
343.2596,84,662
343.3013,84,662
343.3430,84,662
343.3847,83,662
343.4264,84,662
343.4681,84,662
343.5098,84,662
343.5515,81,662
343.5932,81,662
343.6350,81,662
343.6767,81,662
343.7184,81,662
343.7601,81,662
343.8018,81,662
343.8435,81,662
343.8852,81,662
343.9269,81,662
343.9686,81,662
344.0103,81,662
344.0520,81,662
344.0938,81,662
344.1355,81,662
344.1772,81,662
344.2189,81,662
344.2606,81,662
344.3023,81,662
344.3440,81,662
344.3857,81,662
344.4274,81,662
344.4691,81,662
344.5108,81,662
344.5525,80,661
344.5943,81,662
344.6360,81,662
344.6777,80,662
344.7194,80,661
344.7611,80,661
344.8028,80,661
344.8445,80,661
344.8862,82,662
344.9279,80,661
344.9696,80,661
345.0113,80,661
345.0530,82,662
345.0948,82,662
345.1365,82,662
345.1782,82,662
345.2199,81,662
345.2616,82,662
345.3033,82,662
345.3450,81,662
345.3867,81,662
345.4284,81,662
345.4701,81,662
345.5118,81,662
345.5535,82,662
345.5952,82,662
345.6370,81,662
345.6787,82,662
345.7204,82,662
345.7621,82,662
345.8038,82,662
345.8455,82,662
345.8872,82,662
345.9289,82,662
345.9706,82,662
346.0123,82,662
346.0540,82,662
346.0957,82,662
346.1375,82,662
346.1792,82,662
346.2209,81,662
346.2626,81,662
346.3043,81,662
346.3460,81,662
346.3877,82,662
346.4294,81,662
346.4711,81,662
346.5128,81,662
346.5545,80,662
346.5963,81,662
346.6380,81,662
346.6797,81,662
346.7214,81,662
346.7631,80,662
346.8048,80,662
346.8465,81,662
346.8882,80,662
346.9299,81,662
346.9716,81,662
347.0133,81,662
347.0550,80,662
347.0968,80,662
347.1385,80,662
347.1802,80,662
347.2219,79,662
347.2636,79,662
347.3053,80,662
347.3470,79,662
347.3887,78,662
347.4304,78,662
347.4721,79,662
347.5138,78,662
347.5555,77,662
347.5973,78,662
347.6390,78,662
347.6807,77,662
347.7224,77,663
347.7641,77,663
347.8058,77,662
347.8475,77,663
347.8892,76,664
347.9309,77,664
347.9726,77,663
348.0143,76,663
348.0560,76,664
348.0977,76,664
348.1395,76,664
348.1812,76,664
348.2229,77,666
348.2646,77,665
348.3063,76,664
348.3480,77,665
348.3897,78,666
348.4314,77,666
348.4731,77,666
348.5148,78,666
348.5565,78,667
348.5982,78,666
348.6400,78,666
348.6817,78,667
348.7234,78,666
348.7651,78,667
348.8068,78,667
348.8485,78,667
348.8902,78,667
348.9319,78,667
348.9736,78,667
349.0153,78,667
349.0570,78,667
349.0988,78,667
349.1405,78,667
349.1822,78,667
349.2239,78,667
349.2656,78,666
349.3073,77,667
349.3490,78,667
349.3907,79,667
349.4324,78,667
349.4741,78,667
349.5158,79,667
349.5575,80,667
349.5993,79,667
349.6410,79,667
349.6827,80,667
349.7244,80,667
349.7661,80,667
349.8078,80,667
349.8495,80,667
349.8912,83,668
349.9329,82,667
349.9746,81,667
350.0163,82,668
350.0580,84,667
350.0998,84,668
350.1415,83,668
350.1832,84,668
350.2249,87,668
350.2666,86,668
350.3083,85,668
350.3500,86,668
350.3917,89,668
350.4334,88,668
350.4751,87,668
350.5168,88,668
350.5585,90,668
350.6002,89,668
350.6420,89,668
350.6837,90,668
350.7254,91,669
350.7671,91,669
350.8088,90,669
350.8505,91,669
350.8922,92,669
350.9339,92,669
350.9756,91,669
351.0173,92,669
351.0590,92,669
351.1007,92,669
351.1425,92,669
351.1842,92,669
351.2259,92,669
351.2676,92,669
351.3093,92,669
351.3510,92,669
351.3927,92,669
351.4344,92,669
351.4761,92,669
351.5178,92,669
351.5595,92,669
351.6013,92,669
351.6430,92,669
351.6847,92,669
351.7264,92,669
351.7681,92,669
351.8098,92,669
351.8515,92,669
351.8932,92,669
351.9349,92,669
351.9766,92,669
352.0183,92,669
352.0600,92,669
352.1018,92,669
352.1435,92,669
352.1852,92,669
352.2269,92,669
352.2686,92,669
352.3103,92,669
352.3520,92,669
352.3937,92,669
352.4354,92,669
352.4771,92,669
352.5188,92,669
352.5605,92,669
352.6022,92,669
352.6440,92,669
352.6857,92,669
352.7274,92,669
352.7691,92,669
352.8108,92,669
352.8525,92,669
352.8942,92,669
352.9359,92,669
352.9776,92,669
353.0193,92,669
353.0610,92,669
353.1027,92,669
353.1445,92,669
353.1862,92,669
353.2279,92,669
353.2696,92,669
353.3113,92,669
353.3530,92,669
353.3947,92,669
353.4364,92,669
353.4781,92,669
353.5198,92,669
353.5615,92,669
353.6033,92,669
353.6450,92,669
353.6867,92,669
353.7284,92,669
353.7701,92,669
353.8118,92,669
353.8535,92,669
353.8952,93,669
353.9369,92,669
353.9786,92,669
354.0203,93,669
354.0620,92,669
354.1038,92,669
354.1455,93,669
354.1872,92,669
354.2289,92,669
354.2706,92,669
354.3123,92,669
354.3540,92,669
354.3957,92,669
354.4374,92,669
354.4791,93,669
354.5208,92,669
354.5625,92,669
354.6043,92,669
354.6460,92,669
354.6877,92,669
354.7294,92,669
354.7711,92,669
354.8128,92,669
354.8545,92,669
354.8962,92,669
354.9379,92,669
354.9796,92,669
355.0213,92,669
355.0630,92,669
355.1047,92,669
355.1465,92,669
355.1882,92,669
355.2299,92,669
355.2716,92,669
355.3133,92,669
355.3550,92,669
355.3967,92,669
355.4384,92,669
355.4801,92,669
355.5218,93,669
355.5635,92,669
355.6052,92,669
355.6470,92,669
355.6887,92,669
355.7304,92,669
355.7721,92,669
355.8138,92,669
355.8555,92,669
355.8972,92,669
355.9389,92,669
355.9806,92,669
356.0223,92,669
356.0640,92,669
356.1058,92,669
356.1475,93,669
356.1892,92,669
356.2309,92,669
356.2726,93,669
356.3143,92,669
356.3560,92,669
356.3977,93,669
356.4394,92,669
356.4811,92,669
356.5228,92,669
356.5645,93,669
356.6063,93,669
356.6480,92,669
356.6897,92,669
356.7314,93,669
356.7731,93,669
356.8148,93,669
356.8565,93,669
356.8982,93,669
356.9399,93,669
356.9816,93,669
357.0233,93,669
357.0650,92,669
357.1068,92,669
357.1485,93,669
357.1902,93,669
357.2319,92,669
357.2736,93,669
357.3153,93,669
357.3570,93,669
357.3987,92,669
357.4404,92,669
357.4821,92,669
357.5238,92,669
357.5655,92,669
357.6072,92,669
357.6490,92,669
357.6907,92,669
357.7324,92,669
357.7741,93,669
357.8158,93,669
357.8575,93,669
357.8992,92,669
357.9409,92,669
357.9826,92,669
358.0243,92,669
358.0660,92,669
358.1077,92,669
358.1495,92,669
358.1912,92,669
358.2329,92,669
358.2746,92,669
358.3163,92,669
358.3580,93,669
358.3997,92,669
358.4414,93,669
358.4831,93,669
358.5248,93,669
358.5665,92,669
358.6083,93,669
358.6500,93,669
358.6917,92,669
358.7334,92,669
358.7751,92,669
358.8168,92,669
358.8585,92,669
358.9002,92,669
358.9419,92,669
358.9836,92,669
359.0253,92,669
359.0670,92,669
359.1088,92,669
359.1505,92,669
359.1922,92,669
359.2339,92,669
359.2756,92,669
359.3173,92,669
359.3590,92,669
359.4007,92,669
359.4424,92,669
359.4841,92,669
359.5258,92,669
359.5675,92,669
359.6093,92,669
359.6510,92,669
359.6927,92,669
359.7344,92,669
359.7761,92,669
359.8178,92,669
359.8595,92,669
359.9012,93,669
359.9429,92,669
359.9846,92,669
360.0263,92,669
360.0680,92,669
360.1097,93,669
360.1515,93,669
360.1932,93,669
360.2349,92,669
360.2766,93,669
360.3183,92,669
360.3600,92,669
360.4017,92,669
360.4434,92,669
360.4851,92,669
360.5268,92,669
360.5685,92,669
360.6102,92,669
360.6520,93,669
360.6937,93,669
360.7354,92,669
360.7771,93,669
360.8188,92,669
360.8605,92,669
360.9022,92,669
360.9439,92,669
360.9856,92,669
361.0273,92,669
361.0690,92,669
361.1108,92,669
361.1525,92,669
361.1942,92,669
361.2359,92,669
361.2776,92,669
361.3193,93,669
361.3610,92,669
361.4027,92,669
361.4444,92,669
361.4861,92,669
361.5278,92,669
361.5695,92,669
361.6113,92,669
361.6530,92,669
361.6947,92,669
361.7364,92,669
361.7781,92,669
361.8198,92,669
361.8615,92,669
361.9032,92,669
361.9449,92,669
361.9866,92,669
362.0283,92,669
362.0700,92,669
362.1118,92,669
362.1535,92,669
362.1952,92,669
362.2369,92,669
362.2786,92,669
362.3203,92,669
362.3620,92,669
362.4037,92,669
362.4454,92,669
362.4871,92,669
362.5288,92,669
362.5705,92,669
362.6122,92,669
362.6540,92,669
362.6957,92,669
362.7374,92,669
362.7791,92,669
362.8208,92,669
362.8625,92,669
362.9042,92,669
362.9459,92,669
362.9876,92,669
363.0293,92,669
363.0710,92,669
363.1127,92,669
363.1545,92,669
363.1962,92,669
363.2379,92,669
363.2796,92,669
363.3213,92,669
363.3630,92,669
363.4047,92,669
363.4464,92,669
363.4881,92,669
363.5298,92,669
363.5715,92,669
363.6133,92,669
363.6550,92,669
363.6967,92,669
363.7384,92,669
363.7801,92,669
363.8218,92,669
363.8635,92,669
363.9052,92,669
363.9469,92,669
363.9886,92,669
364.0303,92,669
364.0720,92,669
364.1138,92,669
364.1555,92,669
364.1972,92,669
364.2389,92,669
364.2806,92,669
364.3223,92,669
364.3640,92,669
364.4057,92,669
364.4474,92,669
364.4891,92,669
364.5308,92,669
364.5725,92,669
364.6142,92,669
364.6560,92,669
364.6977,92,669
364.7394,92,669
364.7811,92,669
364.8228,92,669
364.8645,92,669
364.9062,92,669
364.9479,92,669
364.9896,92,669
365.0313,92,669
365.0730,92,669
365.1147,92,669
365.1565,92,669
365.1982,92,669
365.2399,92,669
365.2816,92,669
365.3233,92,669
365.3650,92,669
365.4067,92,669
365.4484,92,669
365.4901,92,669
365.5318,92,669
365.5735,92,669
365.6152,92,669
365.6570,92,669
365.6987,92,669
365.7404,92,669
365.7821,92,669
365.8238,92,669
365.8655,92,669
365.9072,92,669
365.9489,92,669
365.9906,92,669
366.0323,92,669
366.0740,92,669
366.1158,92,669
366.1575,92,669
366.1992,92,669
366.2409,92,669
366.2826,92,669
366.3243,92,669
366.3660,92,669
366.4077,92,669
366.4494,92,669
366.4911,92,669
366.5328,92,669
366.5745,92,669
366.6163,92,669
366.6580,92,669
366.6997,92,669
366.7414,92,669
366.7831,92,669
366.8248,92,669
366.8665,92,669
366.9082,92,669
366.9499,92,669
366.9916,92,669
367.0333,92,669
367.0750,92,669
367.1167,92,669
367.1585,92,669
367.2002,92,669
367.2419,92,669
367.2836,92,669
367.3253,92,669
367.3670,92,669
367.4087,92,669
367.4504,92,669
367.4921,92,669
367.5338,92,669
367.5755,92,669
367.6172,92,669
367.6590,92,669
367.7007,92,669
367.7424,92,669
367.7841,92,669
367.8258,92,669
367.8675,92,669
367.9092,92,669
367.9509,92,669
367.9926,92,669
368.0343,92,669
368.0760,92,669
368.1178,92,669
368.1595,92,669
368.2012,92,669
368.2429,92,669
368.2846,92,669
368.3263,92,669
368.3680,92,669
368.4097,92,669
368.4514,92,669
368.4931,92,669
368.5348,92,669
368.5765,92,669
368.6183,92,669
368.6600,92,669
368.7017,92,669
368.7434,92,669
368.7851,92,669
368.8268,92,669
368.8685,92,669
368.9102,92,669
368.9519,92,669
368.9936,92,669
369.0353,92,669
369.0770,92,669
369.1188,92,669
369.1605,92,669
369.2022,92,669
369.2439,92,669
369.2856,92,669
369.3273,92,669
369.3690,92,669
369.4107,92,669
369.4524,92,669
369.4941,92,669
369.5358,92,669
369.5775,92,669
369.6192,92,669
369.6610,92,669
369.7027,92,669
369.7444,92,669
369.7861,92,669
369.8278,92,669
369.8695,92,669
369.9112,92,669
369.9529,92,669
369.9946,92,669
370.0363,92,669
370.0780,92,669
370.1197,92,669
370.1615,92,669
370.2032,92,669
370.2449,92,669
370.2866,92,669
370.3283,92,669
370.3700,92,669
370.4117,92,669
370.4534,92,669
370.4951,92,669
370.5368,92,669
370.5785,92,669
370.6203,92,669
370.6620,92,669
370.7037,92,669
370.7454,92,669
370.7871,92,669
370.8288,92,669
370.8705,92,669
370.9122,92,669
370.9539,92,669
370.9956,92,669
371.0373,92,669
371.0790,92,669
371.1208,92,669
371.1625,92,669
371.2042,92,669
371.2459,92,669
371.2876,92,669
371.3293,92,669
371.3710,92,669
371.4127,92,669
371.4544,92,669
371.4961,92,669
371.5378,92,669
371.5795,92,669
371.6213,92,669
371.6630,92,669
371.7047,92,669
371.7464,92,669
371.7881,92,669
371.8298,92,669
371.8715,92,669
371.9132,92,669
371.9549,92,669
371.9966,92,669
372.0383,92,669
372.0800,92,669
372.1217,92,669
372.1635,92,669
372.2052,92,669
372.2469,92,669
372.2886,92,669
372.3303,92,669
372.3720,92,669
372.4137,92,669
372.4554,92,669
372.4971,92,669
372.5388,92,669
372.5805,92,669
372.6222,92,669
372.6640,92,669
372.7057,92,669
372.7474,92,669
372.7891,92,669
372.8308,92,669
372.8725,92,669
372.9142,92,669
372.9559,92,669
372.9976,92,669
373.0393,92,669
373.0810,92,669
373.1228,92,669
373.1645,92,669
373.2062,92,669
373.2479,92,669
373.2896,92,669
373.3313,92,669
373.3730,92,669
373.4147,92,669
373.4564,92,669
373.4981,92,669
373.5398,92,669
373.5815,92,669
373.6233,92,669
373.6650,92,669
373.7067,92,669
373.7484,92,669
373.7901,92,669
373.8318,92,669
373.8735,92,669
373.9152,92,669
373.9569,92,669
373.9986,92,669
374.0403,92,669
374.0820,92,669
374.1238,92,669
374.1655,92,669
374.2072,92,669
374.2489,92,669
374.2906,92,669
374.3323,92,669
374.3740,92,669
374.4157,92,669
374.4574,92,669
374.4991,92,669
374.5408,92,669
374.5825,92,669
374.6242,92,669
374.6660,92,669
374.7077,92,669
374.7494,92,669
374.7911,92,669
374.8328,92,669
374.8745,92,669
374.9162,92,669
374.9579,92,669
374.9996,92,669
375.0413,92,669
375.0830,92,669
375.1247,92,669
375.1665,92,669
375.2082,92,669
375.2499,92,669
375.2916,92,669
375.3333,92,669
375.3750,92,669
375.4167,92,669
375.4584,92,669
375.5001,92,669
375.5418,92,669
375.5835,92,669
375.6253,92,669
375.6670,92,669
375.7087,92,669
375.7504,88,668
375.7921,90,668
375.8338,91,669
375.8755,89,668
375.9172,86,668
375.9589,87,668
376.0006,88,668
376.0423,87,668
376.0840,85,667
376.1258,85,667
376.1675,86,667
376.2092,85,667
376.2509,85,666
376.2926,85,666
376.3343,85,667
376.3760,85,666
376.4177,85,666
376.4594,85,666
376.5011,85,666
376.5428,85,666
376.5845,84,665
376.6262,84,665
376.6680,84,666
376.7097,84,665
376.7514,84,665
376.7931,84,665
376.8348,84,665
376.8765,84,665
376.9182,85,665
376.9599,85,665
377.0016,84,665
377.0433,85,665
377.0850,86,665
377.1267,86,665
377.1685,85,665
377.2102,86,665
377.2519,87,664
377.2936,87,665
377.3353,86,665
377.3770,87,664
377.4187,88,664
377.4604,87,664
377.5021,87,664
377.5438,88,664
377.5855,88,664
377.6272,88,664
377.6690,88,664
377.7107,88,664
377.7524,87,664
377.7941,87,664
377.8358,87,664
377.8775,87,664
377.9192,87,664
377.9609,87,664
378.0026,87,664
378.0443,87,664
378.0860,88,664
378.1278,87,664
378.1695,87,664
378.2112,87,664
378.2529,89,663
378.2946,88,664
378.3363,88,664
378.3780,88,664
378.4197,89,663
378.4614,89,663
378.5031,89,663
378.5448,89,663
378.5865,90,664
378.6283,90,664
378.6700,90,663
378.7117,90,664
378.7534,91,664
378.7951,91,664
378.8368,90,664
378.8785,91,664
378.9202,93,664
378.9619,92,664
379.0036,92,664
379.0453,92,664
379.0870,94,664
379.1287,93,664
379.1705,93,664
379.2122,94,664
379.2539,95,664
379.2956,95,664
379.3373,94,664
379.3790,95,664
379.4207,96,664
379.4624,96,664
379.5041,95,664
379.5458,96,664
379.5875,97,664
379.6292,96,664
379.6710,96,664
379.7127,96,664
379.7544,99,664
379.7961,97,664
379.8378,97,664
379.8795,98,664
379.9212,99,664
379.9629,99,664
380.0046,99,664
380.0463,99,664
380.0880,99,664
380.1298,99,664
380.1715,99,664
380.2132,99,664
380.2549,99,664
380.2966,99,664
380.3383,99,664
380.3800,99,664
380.4217,99,665
380.4634,99,665
380.5051,99,665
380.5468,99,665
380.5885,100,665
380.6303,100,665
380.6720,100,665
380.7137,100,665
380.7554,101,665
380.7971,100,665
380.8388,100,665
380.8805,101,665
380.9222,103,664
380.9639,102,665
381.0056,101,665
381.0473,102,664
381.0890,104,665
381.1308,104,665
381.1725,103,664
381.2142,104,665
381.2559,104,665
381.2976,104,665
381.3393,104,665
381.3810,104,665
381.4227,103,665
381.4644,103,665
381.5061,103,665
381.5478,103,665
381.5895,102,665
381.6312,102,665
381.6730,103,665
381.7147,102,665
381.7564,101,665
381.7981,100,665
381.8398,100,665
381.8815,100,665
381.9232,102,665
381.9649,102,665
382.0066,101,665
382.0483,102,665
382.0900,104,665
382.1317,103,665
382.1735,103,665
382.2152,103,665
382.2569,104,665
382.2986,104,665
382.3403,104,665
382.3820,104,665
382.4237,106,666
382.4654,105,666
382.5071,105,666
382.5488,106,666
382.5905,110,667
382.6323,108,666
382.6740,107,666
382.7157,108,667
382.7574,114,668
382.7991,112,667
382.8408,113,668
382.8825,115,668
382.9242,117,668
382.9659,116,668
383.0076,115,668
383.0493,117,668
383.0910,121,669
383.1328,119,669
383.1745,118,668
383.2162,120,669
383.2579,124,670
383.2996,124,670
383.3413,122,670
383.3830,124,670
383.4247,123,672
383.4664,124,671
383.5081,124,671
383.5498,123,671
383.5915,123,673
383.6333,123,672
383.6750,123,672
383.7167,123,673
383.7584,123,673
383.8001,123,673
383.8418,123,673
383.8835,123,673
383.9252,121,674
383.9669,122,674
384.0086,123,674
384.0503,122,674
384.0920,119,675
384.1337,120,674
384.1755,120,674
384.2172,120,675
384.2589,120,676
384.3006,119,675
384.3423,119,675
384.3840,119,675
384.4257,120,676
384.4674,120,676
384.5091,120,676
384.5508,120,676
384.5925,119,676
384.6342,119,676
384.6760,120,676
384.7177,119,676
384.7594,116,676
384.8011,118,676
384.8428,119,676
384.8845,117,676
384.9262,116,677
384.9679,116,677
385.0096,115,676
385.0513,116,677
385.0930,116,677
385.1348,114,677
385.1765,114,677
385.2182,115,677
385.2599,118,677
385.3016,118,677
385.3433,117,677
385.3850,118,677
385.4267,120,677
385.4684,119,676
385.5101,119,677
385.5518,120,677
385.5935,122,676
385.6353,121,676
385.6770,121,676
385.7187,122,676
385.7604,124,676
385.8021,123,676
385.8438,123,676
385.8855,124,676
385.9272,129,677
385.9689,126,677
386.0106,125,677
386.0523,128,677
386.0940,133,676
386.1358,131,677
386.1775,130,677
386.2192,132,676
386.2609,135,676
386.3026,134,676
386.3443,134,676
386.3860,135,676
386.4277,138,676
386.4694,137,676
386.5111,136,676
386.5528,137,676
386.5945,139,676
386.6362,138,677
386.6780,138,676
386.7197,139,676
386.7614,138,678
386.8031,139,677
386.8448,139,677
386.8865,139,677
386.9282,139,678
386.9699,139,678
387.0116,138,678
387.0533,139,678
387.0950,141,679
387.1367,140,679
387.1785,140,679
387.2202,141,679
387.2619,141,681
387.3036,141,679
387.3453,141,679
387.3870,140,680
387.4287,141,682
387.4704,140,681
387.5121,140,681
387.5538,141,682
387.5955,144,684
387.6373,142,683
387.6790,142,683
387.7207,143,683
387.7624,150,685
387.8041,147,684
387.8458,146,684
387.8875,149,685
387.9292,158,688
387.9709,155,687
388.0126,153,686
388.0543,157,687
388.0960,167,692
388.1378,161,689
388.1795,159,688
388.2212,166,692
388.2629,172,693
388.3046,169,693
388.3463,168,693
388.3880,171,693
388.4297,176,694
388.4714,175,694
388.5131,173,694
388.5548,176,694
388.5965,179,695
388.6382,178,694
388.6800,177,694
388.7217,178,695
388.7634,182,696
388.8051,180,696
388.8468,179,695
388.8885,181,696
388.9302,184,698
388.9719,183,696
389.0136,182,696
389.0553,184,697
389.0970,186,698
389.1387,183,697
389.1805,185,698
389.2222,183,697
389.2639,189,698
389.3056,187,698
389.3473,187,698
389.3890,188,698
389.4307,190,698
389.4724,192,698
389.5141,188,697
389.5558,190,698
389.5975,193,698
389.6392,191,698
389.6810,191,698
389.7227,192,698
389.7644,198,699
389.8061,195,698
389.8478,194,698
389.8895,196,699
389.9312,204,700
389.9729,201,699
390.0146,199,699
390.0563,203,700
390.0980,219,700
390.1398,212,701
390.1815,207,701
390.2232,217,700
390.2649,221,700
390.3066,219,700
390.3483,220,700
390.3900,221,700
390.4317,224,700
390.4734,222,700
390.5151,221,700
390.5568,223,700
390.5985,226,701
390.6403,225,700
390.6820,224,700
390.7237,226,701
390.7654,226,701
390.8071,227,701
390.8488,227,701
390.8905,227,701
390.9322,215,701
390.9739,217,701
391.0156,227,701
391.0573,216,701
391.0990,215,703
391.1407,218,703
391.1825,219,703
391.2242,217,703
391.2659,214,703
391.3076,215,703
391.3493,214,703
391.3910,214,703
391.4327,212,702
391.4744,212,702
391.5161,212,702
391.5578,212,702
391.5995,212,702
391.6412,213,703
391.6830,213,702
391.7247,212,702
391.7664,213,702
391.8081,213,702
391.8498,213,702
391.8915,213,702
391.9332,212,702
391.9749,212,702
392.0166,213,702
392.0583,212,702
392.1000,211,702
392.1417,212,702
392.1835,212,702
392.2252,212,702
392.2669,211,703
392.3086,212,703
392.3503,211,702
392.3920,212,703
392.4337,210,703
392.4754,211,703
392.5171,211,703
392.5588,210,703
392.6005,210,703
392.6423,211,703
392.6840,211,703
392.7257,210,703
392.7674,211,703
392.8091,210,703
392.8508,210,703
392.8925,210,703
392.9342,211,703
392.9759,211,703
393.0176,211,703
393.0593,211,703
393.1010,213,702
393.1428,212,703
393.1845,212,703
393.2262,213,703
393.2679,214,702
393.3096,214,702
393.3513,214,702
393.3930,214,702
393.4347,215,702
393.4764,215,702
393.5181,215,702
393.5598,215,702
393.6015,215,702
393.6432,215,702
393.6850,215,702
393.7267,215,702
393.7684,216,701
393.8101,216,701
393.8518,215,701
393.8935,216,701
393.9352,217,700
393.9769,216,700
394.0186,216,700
394.0603,217,700
394.1020,218,700
394.1437,218,700
394.1855,218,700
394.2272,218,700
394.2689,220,700
394.3106,219,700
394.3523,219,700
394.3940,219,700
394.4357,221,700
394.4774,221,700
394.5191,221,700
394.5608,221,700
394.6025,223,700
394.6443,222,700
394.6860,222,700
394.7277,222,700
394.7694,224,699
394.8111,223,700
394.8528,223,700
394.8945,224,700
394.9362,225,699
394.9779,225,699
395.0196,224,699
395.0613,225,699
395.1030,226,699
395.1448,225,699
395.1865,225,699
395.2282,225,699
395.2699,225,699
395.3116,225,699
395.3533,225,699
395.3950,226,699
395.4367,226,699
395.4784,226,699
395.5201,226,699
395.5618,226,699
395.6035,228,699
395.6453,227,699
395.6870,227,699
395.7287,228,699
395.7704,231,698
395.8121,230,699
395.8538,229,699
395.8955,230,698
395.9372,232,698
395.9789,231,698
396.0206,231,698
396.0623,232,698
396.1040,235,697
396.1457,233,698
396.1875,233,698
396.2292,234,698
396.2709,238,696
396.3126,237,697
396.3543,235,697
396.3960,237,697
396.4377,238,696
396.4794,238,696
396.5211,238,696
396.5628,238,696
396.6045,238,696
396.6462,238,696
396.6880,238,696
396.7297,238,696
396.7714,240,695
396.8131,239,695
396.8548,238,696
396.8965,240,695
396.9382,242,694
396.9799,242,694
397.0216,241,694
397.0633,242,694
397.1050,246,693
397.1468,244,693
397.1885,243,693
397.2302,245,693
397.2719,248,692
397.3136,246,692
397.3553,246,693
397.3970,247,692
397.4387,251,691
397.4804,248,691
397.5221,248,692
397.5638,249,691
397.6055,252,690
397.6473,251,690
397.6890,250,691
397.7307,251,690
397.7724,253,690
397.8141,253,690
397.8558,252,690
397.8975,253,690
397.9392,254,689
397.9809,253,689
398.0226,253,690
398.0643,253,689
398.1060,254,689
398.1478,254,689
398.1895,254,689
398.2312,254,689
398.2729,254,689
398.3146,254,689
398.3563,254,689
398.3980,254,689
398.4397,256,689
398.4814,255,689
398.5231,255,689
398.5648,256,689
398.6065,256,689
398.6482,256,689
398.6900,256,689
398.7317,257,689
398.7734,257,689
398.8151,257,689
398.8568,257,689
398.8985,257,689
398.9402,259,689
398.9819,258,689
399.0236,258,689
399.0653,259,689
399.1070,260,689
399.1487,260,689
399.1905,260,689
399.2322,260,689
399.2739,262,689
399.3156,261,689
399.3573,260,689
399.3990,261,689
399.4407,263,689
399.4824,262,689
399.5241,262,689
399.5658,263,689
399.6075,263,690
399.6493,263,689
399.6910,263,689
399.7327,263,690
399.7744,265,690
399.8161,264,690
399.8578,264,690
399.8995,265,690
399.9412,266,690
399.9829,265,690
400.0246,265,690
400.0663,265,690
400.1080,267,690
400.1498,267,690
400.1915,267,690
400.2332,267,690
400.2749,268,690
400.3166,267,690
400.3583,267,690
400.4000,267,690
400.4417,267,689
400.4834,267,690
400.5251,267,690
400.5668,267,689
400.6085,266,689
400.6502,267,689
400.6920,267,689
400.7337,266,689
400.7754,267,689
400.8171,267,689
400.8588,267,689
400.9005,267,689
400.9422,268,690
400.9839,267,690
401.0256,267,689
401.0673,267,690
401.1090,268,690
401.1507,268,689
401.1925,267,690
401.2342,267,690
401.2759,268,691
401.3176,268,690
401.3593,268,690
401.4010,268,691
401.4427,267,693
401.4844,267,693
401.5261,267,692
401.5678,267,693
401.6095,271,694
401.6512,268,694
401.6930,267,694
401.7347,269,694
401.7764,279,695
401.8181,274,695
401.8598,272,695
401.9015,277,695
401.9432,287,694
401.9849,284,694
402.0266,282,695
402.0683,285,694
402.1100,299,694
402.1518,296,694
402.1935,289,694
402.2352,298,694
402.2769,305,695
402.3186,303,695
402.3603,301,695
402.4020,304,695
402.4437,309,695
402.4854,307,696
402.5271,306,696
402.5688,308,696
402.6105,312,695
402.6523,310,695
402.6940,310,695
402.7357,311,695
402.7774,315,695
402.8191,313,695
402.8608,313,695
402.9025,314,695
402.9442,316,695
402.9859,316,695
403.0276,315,695
403.0693,316,695
403.1110,316,695
403.1527,316,695
403.1945,316,695
403.2362,316,695
403.2779,313,693
403.3196,314,694
403.3613,315,694
403.4030,313,694
403.4447,313,693
403.4864,313,693
403.5281,313,693
403.5698,313,693
403.6115,315,692
403.6532,313,692
403.6950,313,692
403.7367,314,692
403.7784,317,692
403.8201,316,692
403.8618,315,692
403.9035,316,692
403.9452,318,691
403.9869,317,692
404.0286,317,692
404.0703,318,692
404.1120,321,691
404.1537,319,691
404.1955,319,691
404.2372,320,691
404.2789,325,691
404.3206,323,691
404.3623,322,691
404.4040,324,691
404.4457,330,691
404.4874,327,691
404.5291,326,691
404.5708,328,691
404.6125,334,691
404.6543,332,691
404.6960,331,691
404.7377,333,691
404.7794,337,690
404.8211,337,691
404.8628,336,691
404.9045,337,691
404.9462,338,690
404.9879,337,690
405.0296,337,690
405.0713,338,690
405.1130,342,690
405.1548,339,690
405.1965,338,690
405.2382,342,690
405.2799,343,690
405.3216,343,690
405.3633,343,690
405.4050,343,690
405.4467,343,690
405.4884,343,690
405.5301,343,690
405.5718,343,690
405.6135,339,690
405.6552,343,690
405.6970,343,690
405.7387,339,690
405.7804,339,690
405.8221,339,690
405.8638,339,690
405.9055,339,690
405.9472,338,689
405.9889,338,689
406.0306,339,690
406.0723,338,689
406.1140,318,685
406.1557,336,690
406.1975,338,689
406.2392,322,690
406.2809,306,684
406.3226,306,683
406.3643,306,683
406.4060,306,684
406.4477,307,684
406.4894,307,684
406.5311,306,684
406.5728,307,684
406.6145,309,685
406.6562,308,684
406.6980,308,684
406.7397,309,684
406.7814,311,685
406.8231,310,685
406.8648,309,685
406.9065,311,685
406.9482,313,685
406.9899,312,685
407.0316,311,685
407.0733,312,685
407.1150,315,685
407.1568,315,685
407.1985,314,685
407.2402,315,685
407.2819,318,685
407.3236,317,685
407.3653,316,685
407.4070,317,685
407.4487,320,685
407.4904,319,685
407.5321,318,685
407.5738,319,685
407.6155,321,685
407.6573,320,685
407.6990,320,685
407.7407,321,685
407.7824,323,685
407.8241,322,685
407.8658,321,685
407.9075,322,685
407.9492,324,685
407.9909,324,685
408.0326,323,685
408.0743,324,685
408.1160,325,686
408.1577,325,685
408.1995,324,685
408.2412,325,686
408.2829,328,685
408.3246,326,686
408.3663,326,685
408.4080,327,685
408.4497,329,686
408.4914,328,685
408.5331,328,686
408.5748,329,686
408.6165,329,686
408.6582,329,686
408.7000,329,686
408.7417,330,686
408.7834,331,687
408.8251,330,686
408.8668,330,686
408.9085,331,686
408.9502,333,687
408.9919,332,687
409.0336,332,687
409.0753,332,687
409.1170,334,686
409.1588,333,687
409.2005,333,687
409.2422,334,687
409.2839,336,686
409.3256,335,686
409.3673,334,686
409.4090,335,686
409.4507,337,685
409.4924,336,685
409.5341,336,686
409.5758,338,686
409.6175,339,684
409.6593,338,685
409.7010,338,685
409.7427,339,685
409.7844,341,684
409.8261,340,684
409.8678,339,684
409.9095,340,684
409.9512,344,683
409.9929,343,683
410.0346,342,684
410.0763,343,683
410.1180,346,682
410.1598,345,683
410.2015,344,683
410.2432,346,682
410.2849,348,681
410.3266,347,682
410.3683,347,681
410.4100,349,681
410.4517,351,679
410.4934,350,680
410.5351,349,681
410.5768,350,680
410.6185,353,679
410.6602,351,679
410.7020,351,679
410.7437,352,679
410.7854,354,678
410.8271,354,679
410.8688,353,679
410.9105,354,678
410.9522,355,677
410.9939,355,677
411.0356,354,678
411.0773,355,677
411.1190,357,677
411.1607,356,677
411.2025,356,677
411.2442,357,677
411.2859,358,677
411.3276,358,677
411.3693,357,677
411.4110,358,677
411.4527,359,677
411.4944,359,677
411.5361,359,677
411.5778,359,677
411.6195,359,677
411.6613,360,677
411.7030,360,677
411.7447,359,677
411.7864,359,677
411.8281,359,677
411.8698,359,677
411.9115,360,677
411.9532,359,677
411.9949,359,677
412.0366,359,677
412.0783,359,677
412.1200,360,677
412.1618,359,677
412.2035,359,677
412.2452,359,677
412.2869,360,677
412.3286,360,677
412.3703,359,677
412.4120,360,677
412.4537,360,677
412.4954,360,677
412.5371,360,677
412.5788,360,677
412.6205,360,677
412.6623,360,677
412.7040,360,677
412.7457,360,677
412.7874,361,677
412.8291,360,677
412.8708,360,677
412.9125,361,677
412.9542,362,677
412.9959,361,677
413.0376,361,677
413.0793,362,677
413.1210,363,676
413.1627,362,677
413.2045,362,677
413.2462,362,677
413.2879,366,675
413.3296,364,676
413.3713,364,676
413.4130,365,676
413.4547,368,675
413.4964,367,675
413.5381,366,675
413.5798,367,675
413.6215,370,674
413.6632,369,674
413.7050,368,675
413.7467,369,674
413.7884,374,673
413.8301,372,674
413.8718,372,674
413.9135,374,673
413.9552,379,672
413.9969,377,672
414.0386,375,673
414.0803,378,672
414.1220,385,671
414.1638,383,671
414.2055,381,672
414.2472,384,671
414.2889,407,668
414.3306,401,668
414.3723,386,670
414.4140,406,668
414.4557,410,667
414.4974,408,667
414.5391,408,667
414.5808,409,667
414.6225,413,665
414.6643,411,666
414.7060,410,666
414.7477,412,665
414.7894,415,664
414.8311,414,665
414.8728,414,665
414.9145,415,664
414.9562,419,663
414.9979,417,664
415.0396,416,664
415.0813,419,663
415.1230,420,662
415.1647,420,662
415.2065,419,662
415.2482,420,662
415.2899,421,661
415.3316,421,661
415.3733,416,662
415.4150,421,661
415.4567,421,659
415.4984,421,660
415.5401,421,660
415.5818,421,660
415.6235,422,658
415.6652,421,659
415.7070,421,659
415.7487,422,659
415.7904,418,659
415.8321,422,658
415.8738,422,658
415.9155,416,659
415.9572,416,660
415.9989,416,659
416.0406,417,659
416.0823,416,660
416.1240,416,660
416.1657,416,660
416.2075,416,660
416.2492,416,660
416.2909,417,661
416.3326,416,661
416.3743,416,660
416.4160,416,661
416.4577,416,662
416.4994,417,661
416.5411,417,661
416.5828,417,661
416.6245,417,662
416.6663,416,662
416.7080,416,662
416.7497,416,662
416.7914,421,661
416.8331,419,662
416.8748,418,662
416.9165,419,662
416.9582,427,660
416.9999,424,661
417.0416,423,661
417.0833,426,660
417.1250,431,659
417.1668,429,660
417.2085,428,660
417.2502,430,659
417.2919,433,659
417.3336,432,659
417.3753,432,659
417.4170,433,659
417.4587,436,659
417.5004,435,659
417.5421,434,659
417.5838,435,659
417.6255,439,659
417.6672,437,659
417.7090,437,659
417.7507,438,659
417.7924,440,659
417.8341,439,659
417.8758,439,659
417.9175,440,659
417.9592,442,658
418.0009,441,658
418.0426,441,659
418.0843,442,658
418.1260,445,658
418.1677,444,658
418.2095,443,658
418.2512,444,658
418.2929,452,657
418.3346,451,657
418.3763,450,657
418.4180,451,657
418.4597,449,657
418.5014,448,657
418.5431,452,657
418.5848,448,657
418.6265,450,657
418.6682,449,657
418.7100,449,657
418.7517,449,657
418.7934,434,662
418.8351,445,659
418.8768,450,657
418.9185,438,661
418.9602,424,664
419.0019,429,663
419.0436,432,662
419.0853,426,664
419.1270,412,662
419.1688,421,665
419.2105,421,665
419.2522,418,662
419.2939,412,660
419.3356,412,661
419.3773,411,662
419.4190,411,660
419.4607,413,658
419.5024,412,659
419.5441,412,659
419.5858,413,658
419.6275,415,656
419.6693,414,657
419.7110,413,657
419.7527,414,657
419.7944,416,655
419.8361,416,656
419.8778,415,656
419.9195,416,656
419.9612,417,655
420.0029,416,655
420.0446,416,655
420.0863,417,655
420.1280,418,654
420.1697,418,654
420.2115,417,655
420.2532,418,654
420.2949,419,653
420.3366,419,653
420.3783,419,653
420.4200,419,653
420.4617,421,652
420.5034,420,652
420.5451,420,652
420.5868,421,652
420.6285,423,651
420.6702,422,651
420.7120,421,652
420.7537,422,651
420.7954,424,650
420.8371,423,651
420.8788,423,651
420.9205,424,651
420.9622,426,650
421.0039,425,650
421.0456,425,650
421.0873,425,650
421.1290,426,649
421.1708,426,649
421.2125,426,649
421.2542,426,649
421.2959,427,650
421.3376,427,649
421.3793,427,649
421.4210,427,649
421.4627,427,650
421.5044,427,650
421.5461,427,650
421.5878,427,650
421.6295,430,649
421.6713,428,649
421.7130,428,648
421.7547,429,649
421.7964,431,648
421.8381,431,648
421.8798,431,649
421.9215,431,648
421.9632,433,648
422.0049,432,648
422.0466,432,648
422.0883,433,648
422.1300,435,647
422.1718,434,647
422.2135,434,648
422.2552,434,647
422.2969,434,648
422.3386,434,648
422.3803,434,648
422.4220,434,648
422.4637,435,647
422.5054,434,647
422.5471,434,648
422.5888,435,647
422.6305,436,647
422.6722,435,647
422.7140,435,647
422.7557,435,647
422.7974,436,646
422.8391,436,647
422.8808,436,647
422.9225,436,647
422.9642,437,646
423.0059,437,646
423.0476,437,646
423.0893,437,646
423.1310,439,645
423.1727,438,645
423.2145,437,646
423.2562,439,645
423.2979,441,643
423.3396,440,644
423.3813,439,644
423.4230,440,644
423.4647,442,642
423.5064,441,643
423.5481,441,643
423.5898,442,642
423.6315,444,640
423.6733,443,641
423.7150,443,641
423.7567,444,641
423.7984,446,639
423.8401,445,640
423.8818,444,640
423.9235,445,640
423.9652,447,638
424.0069,447,638
424.0486,446,639
424.0903,447,638
424.1320,449,636
424.1738,448,637
424.2155,448,637
424.2572,449,637
424.2989,449,635
424.3406,449,636
424.3823,448,636
424.4240,449,636
424.4657,450,634
424.5074,449,635
424.5491,449,635
424.5908,450,635
424.6325,452,633
424.6743,451,634
424.7160,450,634
424.7577,451,633
424.7994,453,632
424.8411,452,633
424.8828,452,633
424.9245,453,633
424.9662,454,632
425.0079,454,632
425.0496,454,632
425.0913,454,632
425.1330,456,630
425.1747,455,631
425.2165,455,631
425.2582,456,630
425.2999,457,629
425.3416,457,630
425.3833,456,630
425.4250,457,629
425.4667,458,628
425.5084,458,629
425.5501,458,629
425.5918,458,628
425.6335,460,628
425.6752,459,628
425.7170,459,628
425.7587,460,628
425.8004,460,628
425.8421,460,628
425.8838,460,628
425.9255,460,628
425.9672,461,626
426.0089,461,626
426.0506,461,628
426.0923,461,626
426.1340,462,626
426.1758,461,626
426.2175,461,626
426.2592,462,626
426.3009,462,626
426.3426,462,626
426.3843,462,626
426.4260,462,626
426.4677,464,626
426.5094,463,626
426.5511,463,626
426.5928,463,626
426.6345,464,626
426.6763,464,626
426.7180,464,626
426.7597,464,626
426.8014,465,626
426.8431,464,626
426.8848,464,626
426.9265,464,626
426.9682,466,626
427.0099,466,626
427.0516,465,626
427.0933,466,626
427.1350,466,626
427.1767,466,626
427.2185,466,626
427.2602,466,626
427.3019,466,626
427.3436,466,626
427.3853,466,626
427.4270,466,626
427.4687,466,626
427.5104,466,626
427.5521,466,626
427.5938,466,626
427.6355,467,626
427.6772,467,626
427.7190,466,626
427.7607,467,626
427.8024,466,626
427.8441,467,626
427.8858,467,626
427.9275,467,626
427.9692,466,626
428.0109,467,626
428.0526,467,626
428.0943,467,626
428.1360,467,626
428.1777,467,626
428.2195,467,626
428.2612,467,626
428.3029,468,626
428.3446,468,626
428.3863,468,626
428.4280,468,626
428.4697,468,625
428.5114,468,625
428.5531,468,626
428.5948,468,625
428.6365,468,625
428.6783,468,625
428.7200,468,625
428.7617,468,625
428.8034,469,625
428.8451,469,625
428.8868,469,625
428.9285,469,625
428.9702,470,625
429.0119,469,625
429.0536,469,625
429.0953,470,625
429.1370,472,624
429.1788,472,624
429.2205,470,625
429.2622,472,624
429.3039,472,624
429.3456,471,624
429.3873,473,624
429.4290,472,624
429.4707,473,623
429.5124,473,624
429.5541,474,623
429.5958,473,624
429.6375,474,623
429.6792,474,623
429.7210,474,623
429.7627,474,623
429.8044,475,623
429.8461,475,623
429.8878,474,623
429.9295,475,623
429.9712,475,622
430.0129,475,622
430.0546,475,622
430.0963,475,622
430.1380,476,622
430.1797,476,622
430.2215,476,622
430.2632,476,622
430.3049,476,622
430.3466,476,622
430.3883,476,622
430.4300,476,622
430.4717,477,622
430.5134,477,622
430.5551,477,622
430.5968,477,622
430.6385,477,621
430.6802,477,622
430.7220,477,622
430.7637,477,622
430.8054,477,621
430.8471,479,621
430.8888,478,621
430.9305,478,621
430.9722,479,621
431.0139,478,621
431.0556,480,621
431.0973,479,621
431.1390,479,621
431.1808,479,621
431.2225,481,620
431.2642,480,621
431.3059,480,621
431.3476,480,620
431.3893,481,621
431.4310,481,621
431.4727,480,620
431.5144,481,620
431.5561,482,620
431.5978,481,620
431.6395,481,620
431.6813,482,620
431.7230,483,620
431.7647,482,620
431.8064,482,620
431.8481,483,620
431.8898,481,621
431.9315,482,620
431.9732,482,620
432.0149,482,620
432.0566,482,621
432.0983,482,621
432.1400,482,621
432.1817,482,621
432.2235,482,621
432.2652,482,621
432.3069,482,621
432.3486,482,621
432.3903,482,621
432.4320,482,621
432.4737,482,621
432.5154,482,621
432.5571,483,621
432.5988,483,621
432.6405,482,621
432.6822,483,621
432.7240,483,621
432.7657,483,621
432.8074,483,621
432.8491,483,621
432.8908,484,620
432.9325,484,621
432.9742,483,621
433.0159,484,620
433.0576,485,620
433.0993,484,621
433.1410,484,620
433.1827,485,620
433.2245,487,620
433.2662,486,620
433.3079,486,620
433.3496,486,620
433.3913,487,620
433.4330,487,620
433.4747,487,620
433.5164,487,620
433.5581,488,620
433.5998,488,620
433.6415,487,620
433.6833,488,620
433.7250,490,620
433.7667,489,620
433.8084,489,620
433.8501,490,620
433.8918,491,620
433.9335,490,620
433.9752,490,620
434.0169,490,620
434.0586,492,621
434.1003,491,620
434.1420,491,620
434.1838,491,621
434.2255,492,621
434.2672,492,621
434.3089,492,621
434.3506,492,621
434.3923,493,622
434.4340,493,621
434.4757,493,621
434.5174,493,622
434.5591,495,622
434.6008,494,622
434.6425,494,622
434.6842,494,622
434.7260,495,622
434.7677,495,622
434.8094,495,622
434.8511,495,622
434.8928,496,622
434.9345,496,622
434.9762,496,622
435.0179,496,622
435.0596,497,623
435.1013,496,623
435.1430,497,622
435.1847,497,622
435.2265,498,622
435.2682,497,622
435.3099,497,622
435.3516,498,622
435.3933,499,622
435.4350,498,622
435.4767,498,622
435.5184,499,622
435.5601,500,622
435.6018,500,622
435.6435,499,622
435.6853,500,622
435.7270,501,623
435.7687,501,622
435.8104,500,622
435.8521,501,622
435.8938,502,623
435.9355,501,622
435.9772,501,623
436.0189,502,623
436.0606,503,622
436.1023,502,623
436.1440,502,622
436.1858,503,623
436.2275,504,622
436.2692,503,623
436.3109,503,622
436.3526,504,622
436.3943,506,622
436.4360,506,622
436.4777,505,622
436.5194,506,622
436.5611,505,623
436.6028,505,623
436.6445,505,623
436.6863,506,623
436.7280,506,623
436.7697,506,623
436.8114,506,623
436.8531,506,623
436.8948,507,622
436.9365,509,623
436.9782,509,623
437.0199,509,623
437.0616,510,623
437.1033,510,623
437.1450,510,623
437.1867,510,623
437.2285,509,623
437.2702,509,623
437.3119,510,623
437.3536,509,623
437.3953,510,622
437.4370,510,622
437.4787,510,622
437.5204,510,622
437.5621,511,622
437.6038,510,622
437.6455,510,622
437.6872,511,622
437.7290,511,622
437.7707,511,622
437.8124,511,622
437.8541,512,622
437.8958,512,621
437.9375,512,622
437.9792,512,622
438.0209,512,621
438.0626,513,621
438.1043,512,621
438.1460,513,621
438.1878,513,621
438.2295,513,621
438.2712,513,621
438.3129,513,621
438.3546,513,621
438.3963,514,621
438.4380,514,621
438.4797,513,621
438.5214,514,621
438.5631,514,621
438.6048,514,621
438.6465,514,621
438.6883,514,621
438.7300,514,620
438.7717,514,621
438.8134,514,621
438.8551,514,620
438.8968,515,620
438.9385,514,620
438.9802,514,620
439.0219,515,620
439.0636,515,620
439.1053,514,620
439.1470,514,620
439.1887,515,620
439.2305,515,619
439.2722,515,619
439.3139,515,619
439.3556,515,619
439.3973,516,619
439.4390,516,619
439.4807,516,619
439.5224,515,619
439.5641,516,619
439.6058,516,619
439.6475,516,619
439.6892,516,619
439.7310,516,619
439.7727,516,619
439.8144,516,619
439.8561,516,619
439.8978,517,620
439.9395,517,620
439.9812,516,619
440.0229,517,620
440.0646,517,620
440.1063,517,620
440.1480,517,620
440.1897,517,620
440.2315,518,621
440.2732,518,621
440.3149,517,621
440.3566,518,621
440.3983,519,621
440.4400,518,621
440.4817,518,621
440.5234,518,621
440.5651,519,622
440.6068,519,622
440.6485,518,622
440.6903,519,622
440.7320,519,622
440.7737,519,622
440.8154,519,622
440.8571,519,622
440.8988,520,623
440.9405,520,623
440.9822,520,622
441.0239,520,623
441.0656,521,623
441.1073,520,623
441.1490,520,623
441.1908,521,623
441.2325,521,623
441.2742,521,623
441.3159,522,624
441.3576,522,623
441.3993,522,623
441.4410,522,624
441.4827,523,624
441.5244,522,624
441.5661,522,624
441.6078,523,624
441.6495,524,624
441.6912,524,624
441.7330,523,624
441.7747,524,624
441.8164,524,625
441.8581,524,624
441.8998,524,624
441.9415,524,625
441.9832,525,625
442.0249,525,625
442.0666,524,625
442.1083,525,625
442.1500,525,625
442.1917,525,625
442.2335,525,625
442.2752,525,625
442.3169,525,625
442.3586,525,625
442.4003,525,625
442.4420,525,625
442.4837,526,625
442.5254,526,625
442.5671,525,625
442.6088,526,625
442.6505,527,625
442.6922,527,625
442.7340,526,625
442.7757,527,625
442.8174,527,625
442.8591,527,625
442.9008,527,625
442.9425,527,625
442.9842,527,626
443.0259,528,625
443.0676,528,625
443.1093,528,625
443.1510,528,626
443.1928,528,625
443.2345,527,626
443.2762,528,626
443.3179,528,626
443.3596,528,625
443.4013,528,626
443.4430,528,626
443.4847,528,626
443.5264,528,625
443.5681,528,626
443.6098,528,626
443.6515,528,625
443.6933,528,626
443.7350,528,626
443.7767,528,625
443.8184,528,625
443.8601,528,625
443.9018,528,625
443.9435,528,625
443.9852,529,624
444.0269,529,625
444.0686,529,625
444.1103,529,625
444.1520,529,624
444.1937,529,624
444.2355,529,624
444.2772,529,624
444.3189,530,622
444.3606,529,623
444.4023,529,623
444.4440,529,623
444.4857,530,622
444.5274,529,622
444.5691,530,622
444.6108,529,622
444.6525,531,621
444.6942,530,622
444.7360,530,622
444.7777,530,621
444.8194,530,621
444.8611,530,621
444.9028,530,621
444.9445,530,621
444.9862,531,621
445.0279,531,621
445.0696,530,621
445.1113,531,621
445.1530,531,620
445.1947,531,620
445.2365,531,621
445.2782,531,620
445.3199,531,620
445.3616,531,620
445.4033,531,620
445.4450,532,620
445.4867,531,620
445.5284,532,620
445.5701,532,620
445.6118,531,620
445.6535,531,620
445.6953,532,620
445.7370,531,620
445.7787,532,620
445.8204,532,620
445.8621,532,620
445.9038,532,620
445.9455,532,620
445.9872,532,620
446.0289,532,620
446.0706,532,620
446.1123,532,620
446.1540,532,620
446.1958,532,620
446.2375,532,620
446.2792,532,620
446.3209,532,620
446.3626,532,620
446.4043,532,620
446.4460,532,620
446.4877,532,620
446.5294,532,620
446.5711,532,620
446.6128,532,620
446.6545,532,620
446.6962,532,620
446.7380,532,620
446.7797,532,620
446.8214,532,620
446.8631,532,620
446.9048,532,620
446.9465,532,620
446.9882,532,620
447.0299,532,620
447.0716,532,620
447.1133,532,620
447.1550,532,620
447.1967,532,620
447.2385,532,620
447.2802,532,620
447.3219,532,620
447.3636,532,620
447.4053,532,620
447.4470,532,620
447.4887,532,620
447.5304,532,620
447.5721,532,620
447.6138,532,620
447.6555,532,620
447.6972,532,620
447.7390,532,620
447.7807,532,620
447.8224,532,620
447.8641,532,620
447.9058,532,620
447.9475,532,620
447.9892,532,620
448.0309,532,620
448.0726,532,620
448.1143,532,620
448.1560,532,620
448.1978,532,620
448.2395,532,620
448.2812,532,620
448.3229,532,620
448.3646,532,620
448.4063,532,620
448.4480,532,620
448.4897,532,620
448.5314,532,620
448.5731,532,620
448.6148,532,620
448.6565,532,619
448.6983,532,619
448.7400,532,620
448.7817,532,619
448.8234,532,619
448.8651,532,620
448.9068,532,619
448.9485,532,620
448.9902,532,619
449.0319,532,619
449.0736,532,619
449.1153,532,619
449.1570,532,619
449.1987,532,619
449.2405,532,619
449.2822,532,619
449.3239,532,620
449.3656,532,620
449.4073,532,620
449.4490,532,620
449.4907,532,620
449.5324,532,620
449.5741,532,620
449.6158,532,620
449.6575,532,620
449.6992,532,620
449.7410,532,620
449.7827,532,620
449.8244,532,620
449.8661,532,620
449.9078,532,620
449.9495,532,620
449.9912,532,620
450.0329,532,620
450.0746,532,620
450.1163,532,620
450.1580,532,620
450.1998,532,620
450.2415,532,620
450.2832,532,620
450.3249,532,619
450.3666,532,620
450.4083,532,620
450.4500,532,620
450.4917,532,619
450.5334,532,619
450.5751,532,619
450.6168,532,619
450.6585,532,619
450.7003,532,619
450.7420,532,619
450.7837,532,619
450.8254,532,619
450.8671,532,619
450.9088,532,619
450.9505,532,619
450.9922,532,619
451.0339,532,619
451.0756,532,619
451.1173,532,619
451.1590,532,619
451.2007,532,619
451.2425,533,619
451.2842,532,619
451.3259,532,619
451.3676,532,619
451.4093,532,619
451.4510,532,619
451.4927,532,619
451.5344,532,619
451.5761,532,619
451.6178,532,619
451.6595,532,619
451.7012,532,619
451.7430,532,619
451.7847,532,619
451.8264,532,619
451.8681,532,619
451.9098,532,619
451.9515,532,619
451.9932,532,619
452.0349,532,619
452.0766,532,619
452.1183,532,619
452.1600,532,619
452.2017,532,619
452.2435,532,619
452.2852,532,619
452.3269,532,619
452.3686,532,619
452.4103,532,619
452.4520,532,619
452.4937,532,619
452.5354,532,619
452.5771,532,619
452.6188,532,619
452.6605,532,619
452.7023,532,619
452.7440,532,619
452.7857,532,619
452.8274,532,619
452.8691,532,619
452.9108,532,619
452.9525,532,619
452.9942,532,619
453.0359,532,619
453.0776,532,619
453.1193,532,619
453.1610,532,619
453.2028,532,619
453.2445,532,619
453.2862,532,619
453.3279,532,619
453.3696,532,619
453.4113,532,619
453.4530,532,619
453.4947,532,619
453.5364,532,619
453.5781,532,619
453.6198,532,619
453.6615,532,619
453.7032,532,619
453.7450,532,619
453.7867,532,619
453.8284,532,619
453.8701,532,619
453.9118,532,619
453.9535,532,619
453.9952,532,619
454.0369,532,619
454.0786,532,619
454.1203,532,619
454.1620,532,619
454.2037,532,619
454.2455,532,619
454.2872,532,619
454.3289,532,619
454.3706,532,619
454.4123,532,619
454.4540,532,619
454.4957,532,619
454.5374,532,619
454.5791,532,619
454.6208,532,619
454.6625,532,619
454.7042,532,619
454.7460,532,619
454.7877,532,619
454.8294,532,619
454.8711,532,619
454.9128,532,619
454.9545,532,619
454.9962,532,619
455.0379,532,619
455.0796,532,619
455.1213,532,619
455.1630,532,619
455.2048,532,619
455.2465,532,619
455.2882,532,619
455.3299,532,619
455.3716,532,619
455.4133,532,619
455.4550,532,619
455.4967,532,619
455.5384,532,619
455.5801,532,619
455.6218,532,619
455.6635,532,619
455.7053,532,619
455.7470,532,619
455.7887,532,619
455.8304,532,619
455.8721,532,619
455.9138,532,619
455.9555,532,619
455.9972,532,619
456.0389,532,619
456.0806,532,619
456.1223,532,619
456.1640,532,619
456.2057,532,619
456.2475,532,619
456.2892,532,619
456.3309,532,619
456.3726,532,619
456.4143,532,619
456.4560,532,619
456.4977,532,619
456.5394,532,619
456.5811,532,619
456.6228,532,619
456.6645,532,619
456.7062,532,619
456.7480,532,619
456.7897,532,619
456.8314,532,619
456.8731,532,619
456.9148,532,619
456.9565,532,619
456.9982,532,619
457.0399,532,619
457.0816,532,619
457.1233,532,619
457.1650,532,619
457.2067,532,619
457.2485,532,619
457.2902,532,619
457.3319,532,619
457.3736,532,619
457.4153,532,619
457.4570,532,619
457.4987,532,619
457.5404,532,619
457.5821,531,619
457.6238,532,619
457.6655,532,619
457.7073,532,619
457.7490,531,619
457.7907,531,619
457.8324,531,619
457.8741,531,619
457.9158,532,619
457.9575,532,619
457.9992,532,619
458.0409,532,619
458.0826,532,619
458.1243,532,619
458.1660,532,619
458.2078,532,619
458.2495,532,619
458.2912,532,619
458.3329,532,619
458.3746,532,619
458.4163,532,619
458.4580,532,619
458.4997,532,619
458.5414,532,619
458.5831,531,619
458.6248,531,619
458.6665,531,619
458.7082,532,619
458.7500,531,619
458.7917,532,619
458.8334,532,619
458.8751,531,619
458.9168,531,619
458.9585,532,619
459.0002,531,619
459.0419,531,619
459.0836,532,619
459.1253,532,619
459.1670,532,619
459.2087,532,619
459.2505,532,619
459.2922,532,619
459.3339,532,619
459.3756,532,619
459.4173,532,619
459.4590,532,619
459.5007,532,619
459.5424,532,619
459.5841,531,619
459.6258,531,619
459.6675,532,619
459.7092,531,619
459.7510,532,619
459.7927,532,619
459.8344,531,619
459.8761,532,619
459.9178,531,619
459.9595,532,619
460.0012,532,619
460.0429,531,619
460.0846,532,619
460.1263,532,619
460.1680,532,619
460.2098,532,619
460.2515,531,619
460.2932,532,619
460.3349,532,619
460.3766,531,619
460.4183,532,619
460.4600,532,619
460.5017,531,619
460.5434,532,619
460.5851,532,619
460.6268,532,619
460.6685,532,619
460.7103,532,619
460.7520,532,619
460.7937,532,619
460.8354,532,619
460.8771,532,619
460.9188,532,619
460.9605,532,619
461.0022,532,619
461.0439,532,619
461.0856,532,619
461.1273,532,619
461.1690,532,619
461.2107,532,619
461.2525,531,619
461.2942,532,619
461.3359,532,619
461.3776,532,619
461.4193,531,619
461.4610,531,619
461.5027,531,619
461.5444,531,619
461.5861,531,619
461.6278,531,619
461.6695,531,619
461.7112,531,619
461.7530,532,619
461.7947,531,619
461.8364,531,619
461.8781,532,619
461.9198,531,619
461.9615,531,619
462.0032,532,619
462.0449,531,619
462.0866,531,619
462.1283,531,619
462.1700,531,619
462.2118,531,619
462.2535,531,619
462.2952,531,619
462.3369,531,619
462.3786,531,619
462.4203,531,619
462.4620,531,619
462.5037,531,619
462.5454,531,619
462.5871,531,619
462.6288,531,619
462.6705,531,619
462.7123,531,619
462.7540,531,619
462.7957,531,619
462.8374,531,618
462.8791,531,618
462.9208,531,619
462.9625,531,619
463.0042,531,618
463.0459,531,618
463.0876,531,618
463.1293,531,618
463.1710,531,618
463.2127,531,618
463.2545,531,618
463.2962,531,618
463.3379,530,617
463.3796,531,618
463.4213,531,618
463.4630,530,618
463.5047,529,617
463.5464,530,617
463.5881,530,617
463.6298,529,617
463.6715,529,617
463.7132,529,617
463.7550,529,617
463.7967,529,617
463.8384,529,617
463.8801,529,617
463.9218,529,617
463.9635,529,617
464.0052,529,617
464.0469,529,617
464.0886,529,617
464.1303,529,617
464.1720,528,617
464.2137,528,617
464.2555,529,617
464.2972,528,617
464.3389,528,617
464.3806,528,617
464.4223,528,617
464.4640,528,617
464.5057,528,617
464.5474,528,616
464.5891,528,617
464.6308,528,617
464.6725,527,617
464.7143,528,617
464.7560,527,617
464.7977,527,617
464.8394,527,617
464.8811,527,617
464.9228,527,617
464.9645,527,617
465.0062,526,617
465.0479,527,617
465.0896,527,617
465.1313,527,617
465.1730,526,617
465.2148,526,617
465.2565,526,617
465.2982,526,617
465.3399,526,617
465.3816,526,617
465.4233,526,617
465.4650,526,617
465.5067,525,618
465.5484,526,618
465.5901,526,618
465.6318,526,618
465.6735,526,618
465.7152,525,618
465.7570,526,618
465.7987,526,618
465.8404,525,618
465.8821,526,618
465.9238,526,618
465.9655,526,618
466.0072,525,618
466.0489,525,618
466.0906,525,618
466.1323,525,618
466.1740,525,618
466.2157,525,618
466.2575,525,618
466.2992,525,618
466.3409,525,619
466.3826,525,619
466.4243,525,618
466.4660,525,619
466.5077,525,619
466.5494,525,619
466.5911,525,619
466.6328,525,619
466.6745,525,620
466.7162,525,619
466.7580,525,619
466.7997,525,619
466.8414,525,620
466.8831,525,620
466.9248,525,620
466.9665,525,620
467.0082,525,620
467.0499,525,620
467.0916,525,620
467.1333,525,620
467.1750,525,621
467.2168,525,621
467.2585,525,621
467.3002,525,621
467.3419,525,621
467.3836,525,621
467.4253,525,621
467.4670,525,621
467.5087,524,622
467.5504,524,621
467.5921,525,621
467.6338,524,621
467.6755,524,623
467.7173,525,622
467.7590,524,622
467.8007,524,622
467.8424,525,624
467.8841,524,623
467.9258,524,623
467.9675,525,623
468.0092,525,625
468.0509,525,624
468.0926,525,624
468.1343,526,624
468.1760,526,625
468.2177,525,625
468.2595,525,625
468.3012,525,625
468.3429,526,626
468.3846,526,626
468.4263,525,625
468.4680,526,626
468.5097,526,626
468.5514,526,626
468.5931,526,626
468.6348,526,626
468.6765,526,626
468.7182,526,626
468.7600,526,626
468.8017,526,626
468.8434,526,626
468.8851,526,626
468.9268,526,626
468.9685,526,626
469.0102,526,627
469.0519,526,626
469.0936,526,626
469.1353,526,627
469.1770,527,627
469.2187,526,627
469.2605,526,627
469.3022,526,627
469.3439,526,629
469.3856,527,628
469.4273,527,628
469.4690,527,628
469.5107,526,629
469.5524,526,629
469.5941,527,629
469.6358,526,629
469.6775,526,630
469.7193,526,629
469.7610,526,629
469.8027,526,630
469.8444,526,630
469.8861,526,630
469.9278,526,630
469.9695,526,630
470.0112,526,631
470.0529,526,631
470.0946,526,631
470.1363,526,631
470.1780,526,631
470.2198,526,631
470.2615,526,631
470.3032,526,631
470.3449,526,631
470.3866,526,631
470.4283,526,631
470.4700,526,631
470.5117,526,631
470.5534,526,631
470.5951,526,631
470.6368,526,631
470.6785,526,632
470.7202,526,632
470.7620,526,632
470.8037,526,632
470.8454,526,632
470.8871,526,632
470.9288,526,632
470.9705,526,632
471.0122,526,632
471.0539,526,632
471.0956,526,632
471.1373,526,632
471.1790,525,632
471.2207,526,632
471.2625,526,632
471.3042,526,632
471.3459,525,631
471.3876,525,631
471.4293,525,632
471.4710,525,631
471.5127,525,631
471.5544,525,631
471.5961,525,631
471.6378,525,631
471.6795,525,630
471.7212,525,630
471.7630,525,631
471.8047,525,630
471.8464,524,629
471.8881,524,629
471.9298,525,630
471.9715,524,629
472.0132,524,629
472.0549,524,629
472.0966,524,629
472.1383,524,629
472.1800,525,629
472.2218,524,629
472.2635,524,629
472.3052,524,629
472.3469,525,630
472.3886,524,630
472.4303,524,630
472.4720,524,630
472.5137,525,630
472.5554,525,630
472.5971,525,630
472.6388,525,630
472.6805,525,630
472.7223,525,630
472.7640,524,630
472.8057,525,630
472.8474,525,630
472.8891,525,630
472.9308,524,630
472.9725,524,630
473.0142,524,630
473.0559,524,630
473.0976,523,630
473.1393,523,630
473.1810,523,630
473.2227,523,630
473.2645,523,630
473.3062,523,630
473.3479,523,630
473.3896,523,630
473.4313,522,630
473.4730,522,630
473.5147,523,630
473.5564,522,630
473.5981,521,629
473.6398,522,629
473.6815,522,629
473.7232,521,629
473.7650,520,628
473.8067,520,629
473.8484,521,629
473.8901,520,629
473.9318,518,628
473.9735,519,628
474.0152,519,628
474.0569,519,628
474.0986,517,628
474.1403,517,628
474.1820,518,628
474.2237,517,628
474.2655,517,629
474.3072,517,628
474.3489,517,628
474.3906,517,629
474.4323,516,629
474.4740,516,629
474.5157,517,629
474.5574,516,629
474.5991,517,630
474.6408,517,630
474.6825,516,630
474.7243,516,630
474.7660,517,631
474.8077,518,631
474.8494,517,630
474.8911,517,631
474.9328,518,632
474.9745,518,632
475.0162,518,631
475.0579,518,632
475.0996,518,633
475.1413,518,633
475.1830,518,632
475.2248,518,633
475.2665,516,634
475.3082,516,634
475.3499,517,634
475.3916,516,634
475.4333,515,635
475.4750,516,635
475.5167,516,634
475.5584,515,635
475.6001,515,636
475.6418,515,636
475.6835,515,636
475.7252,515,636
475.7670,514,637
475.8087,515,637
475.8504,514,637
475.8921,515,637
475.9338,514,639
475.9755,514,638
476.0172,514,638
476.0589,514,638
476.1006,513,640
476.1423,514,640
476.1840,514,639
476.2257,514,640
476.2675,512,640
476.3092,513,640
476.3509,513,640
476.3926,513,640
476.4343,512,640
476.4760,512,640
476.5177,512,640
476.5594,512,640
476.6011,511,639
476.6428,512,640
476.6845,512,640
476.7263,512,640
476.7680,510,638
476.8097,511,638
476.8514,511,639
476.8931,510,638
476.9348,510,639
476.9765,510,638
477.0182,510,638
477.0599,511,639
477.1016,510,640
477.1433,510,640
477.1850,510,639
477.2268,510,640
477.2685,510,640
477.3102,510,640
477.3519,510,640
477.3936,510,640
477.4353,509,641
477.4770,510,640
477.5187,510,640
477.5604,510,640
477.6021,508,640
477.6438,509,640
477.6855,509,640
477.7272,509,640
477.7690,508,639
477.8107,508,639
477.8524,508,639
477.8941,508,639
477.9358,508,639
477.9775,508,639
478.0192,508,640
478.0609,508,639
478.1026,508,639
478.1443,508,639
478.1860,508,639
478.2277,508,639
478.2695,508,639
478.3112,508,639
478.3529,508,639
478.3946,508,639
478.4363,508,639
478.4780,508,639
478.5197,508,639
478.5614,508,639
478.6031,508,639
478.6448,508,639
